height,weight,age,Cluster
180.0,77.0,107.0,0
188.0,83.0,104.0,0
193.0,86.0,101.0,0
196.0,88.0,100.0,1
178.0,79.0,98.0,0
180.0,79.0,99.0,0
196.0,90.0,104.0,1
183.0,77.0,101.0,0
196.0,90.0,98.0,1
196.0,95.0,98.0,1
193.0,95.0,100.0,1
208.0,102.0,103.0,1
190.0,79.0,97.0,0
196.0,97.0,100.0,1
196.0,81.0,98.0,0
185.0,81.0,102.0,0
193.0,83.0,105.0,0
193.0,92.0,102.0,1
208.0,106.0,95.0,1
196.0,99.0,100.0,1
190.0,86.0,99.0,0
190.0,79.0,102.0,0
190.0,81.0,98.0,0
183.0,77.0,106.0,0
196.0,90.0,108.0,1
193.0,88.0,101.0,0
180.0,77.0,108.0,0
190.0,83.0,105.0,0
188.0,86.0,100.0,0
196.0,88.0,103.0,1
188.0,81.0,105.0,0
201.0,88.0,101.0,1
178.0,70.0,102.0,0
183.0,81.0,97.0,0
201.0,90.0,101.0,1
193.0,92.0,100.0,1
185.0,74.0,102.0,0
183.0,79.0,103.0,0
185.0,77.0,103.0,0
185.0,79.0,105.0,0
190.0,81.0,101.0,0
196.0,79.0,101.0,0
183.0,79.0,98.0,0
196.0,88.0,106.0,1
188.0,81.0,99.0,0
198.0,88.0,103.0,1
190.0,85.0,103.0,0
196.0,92.0,108.0,1
188.0,79.0,100.0,0
190.0,79.0,103.0,0
190.0,86.0,105.0,0
185.0,83.0,96.0,0
188.0,81.0,100.0,0
188.0,86.0,103.0,0
196.0,86.0,104.0,1
180.0,77.0,103.0,0
198.0,88.0,107.0,1
198.0,95.0,98.0,1
196.0,90.0,100.0,1
183.0,72.0,105.0,0
180.0,79.0,102.0,0
196.0,89.0,104.0,1
193.0,102.0,103.0,1
201.0,86.0,98.0,1
190.0,83.0,98.0,0
201.0,88.0,95.0,1
190.0,88.0,98.0,0
188.0,83.0,102.0,0
201.0,98.0,99.0,1
196.0,90.0,100.0,1
208.0,108.0,100.0,1
206.0,102.0,106.0,1
185.0,77.0,107.0,0
183.0,81.0,106.0,0
201.0,95.0,102.0,1
188.0,81.0,105.0,0
201.0,88.0,98.0,1
201.0,88.0,98.0,1
180.0,81.0,104.0,0
190.0,92.0,101.0,1
206.0,97.0,101.0,1
190.0,77.0,101.0,0
206.0,102.0,102.0,1
178.0,79.0,103.0,0
188.0,88.0,100.0,0
193.0,83.0,100.0,0
178.0,79.0,105.0,0
193.0,81.0,100.0,0
190.0,83.0,101.0,0
190.0,83.0,105.0,0
180.0,79.0,108.0,0
196.0,107.0,105.0,1
180.0,77.0,104.0,0
180.0,77.0,104.0,0
206.0,103.0,100.0,1
190.0,86.0,97.0,0
183.0,83.0,102.0,0
198.0,97.0,100.0,1
198.0,97.0,105.0,1
190.0,78.0,101.0,0
188.0,77.0,102.0,0
190.0,79.0,99.0,0
201.0,97.0,104.0,1
201.0,96.0,105.0,1
180.0,72.0,98.0,0
188.0,87.0,100.0,0
188.0,83.0,103.0,0
190.0,83.0,99.0,0
190.0,83.0,98.0,0
188.0,86.0,105.0,0
188.0,88.0,104.0,0
208.0,99.0,100.0,1
188.0,79.0,104.0,0
185.0,80.0,102.0,0
203.0,83.0,97.0,1
183.0,81.0,102.0,0
203.0,99.0,103.0,1
193.0,92.0,106.0,1
178.0,77.0,100.0,0
193.0,86.0,102.0,0
190.0,95.0,102.0,1
180.0,81.0,103.0,0
183.0,81.0,99.0,0
198.0,83.0,106.0,0
196.0,95.0,98.0,1
196.0,88.0,103.0,1
183.0,76.0,103.0,0
196.0,95.0,101.0,1
203.0,104.0,100.0,1
208.0,111.0,101.0,1
201.0,104.0,97.0,1
201.0,95.0,97.0,1
201.0,95.0,102.0,1
193.0,86.0,104.0,0
188.0,88.0,100.0,0
183.0,74.0,100.0,0
183.0,86.0,97.0,0
201.0,100.0,99.0,1
185.0,74.0,104.0,0
193.0,83.0,101.0,0
203.0,95.0,98.0,1
190.0,81.0,104.0,0
203.0,88.0,101.0,1
206.0,99.0,110.0,1
183.0,78.0,97.0,0
185.0,81.0,100.0,0
188.0,83.0,102.0,0
190.0,79.0,102.0,0
180.0,72.0,103.0,0
190.0,88.0,98.0,0
208.0,108.0,104.0,1
201.0,99.0,100.0,1
190.0,83.0,100.0,0
190.0,90.0,104.0,0
183.0,78.0,101.0,0
188.0,79.0,100.0,0
188.0,83.0,103.0,0
193.0,78.0,99.0,0
190.0,86.0,103.0,0
206.0,99.0,101.0,1
196.0,88.0,100.0,1
188.0,88.0,103.0,0
193.0,83.0,103.0,0
206.0,99.0,98.0,1
201.0,86.0,102.0,1
201.0,86.0,102.0,1
198.0,99.0,103.0,1
196.0,86.0,104.0,1
180.0,74.0,111.0,0
206.0,90.0,101.0,1
188.0,83.0,101.0,0
206.0,95.0,100.0,1
206.0,83.0,102.0,1
183.0,76.0,102.0,0
178.0,70.0,98.0,0
178.0,74.0,102.0,0
196.0,108.0,108.0,1
178.0,79.0,104.0,0
188.0,83.0,101.0,0
183.0,79.0,107.0,0
196.0,90.0,98.0,1
196.0,92.0,100.0,1
203.0,99.0,97.0,1
201.0,104.0,103.0,1
198.0,90.0,103.0,1
188.0,87.0,108.0,0
178.0,81.0,103.0,0
190.0,86.0,102.0,0
190.0,88.0,99.0,0
178.0,74.0,101.0,0
188.0,86.0,103.0,0
188.0,81.0,103.0,0
185.0,81.0,97.0,0
190.0,83.0,101.0,0
188.0,79.0,102.0,0
185.0,90.0,112.0,0
203.0,100.0,100.0,1
185.0,88.0,107.0,0
190.0,86.0,103.0,0
183.0,81.0,105.0,0
196.0,92.0,100.0,1
193.0,90.0,105.0,1
185.0,83.0,104.0,0
188.0,83.0,102.0,0
196.0,99.0,102.0,1
198.0,97.0,103.0,1
183.0,83.0,105.0,0
193.0,95.0,105.0,1
183.0,77.0,103.0,0
183.0,77.0,103.0,0
190.0,88.0,102.0,0
190.0,88.0,97.0,0
193.0,92.0,104.0,1
193.0,92.0,104.0,1
198.0,95.0,105.0,1
183.0,77.0,103.0,0
198.0,92.0,104.0,1
188.0,72.0,98.0,0
183.0,77.0,104.0,0
175.0,70.0,99.0,0
175.0,70.0,99.0,0
175.0,70.0,104.0,0
188.0,77.0,100.0,0
193.0,86.0,97.0,0
190.0,90.0,96.0,0
188.0,72.0,99.0,0
203.0,99.0,101.0,1
196.0,99.0,101.0,1
185.0,79.0,100.0,0
196.0,95.0,98.0,1
198.0,99.0,103.0,1
196.0,95.0,99.0,1
185.0,79.0,97.0,0
198.0,97.0,103.0,1
188.0,86.0,99.0,0
203.0,104.0,103.0,1
206.0,97.0,97.0,1
193.0,95.0,98.0,1
185.0,77.0,97.0,0
201.0,83.0,99.0,1
196.0,90.0,97.0,1
196.0,90.0,97.0,1
196.0,83.0,99.0,0
198.0,95.0,99.0,1
196.0,83.0,101.0,0
188.0,86.0,97.0,0
188.0,83.0,97.0,0
188.0,79.0,100.0,0
201.0,95.0,98.0,1
193.0,90.0,102.0,1
196.0,88.0,97.0,1
206.0,96.0,97.0,1
196.0,90.0,97.0,1
185.0,79.0,99.0,0
198.0,90.0,102.0,1
201.0,95.0,96.0,1
190.0,90.0,96.0,0
196.0,86.0,99.0,1
198.0,99.0,99.0,1
185.0,79.0,99.0,0
183.0,81.0,96.0,0
203.0,104.0,98.0,1
203.0,90.0,96.0,1
198.0,90.0,97.0,1
203.0,95.0,96.0,1
185.0,77.0,96.0,0
183.0,79.0,97.0,0
196.0,88.0,95.0,1
188.0,81.0,97.0,0
188.0,83.0,103.0,0
175.0,72.0,97.0,0
196.0,97.0,97.0,1
193.0,83.0,99.0,0
190.0,83.0,100.0,0
193.0,92.0,97.0,1
185.0,83.0,98.0,0
188.0,83.0,96.0,0
190.0,92.0,97.0,1
211.0,106.0,98.0,1
178.0,74.0,96.0,0
180.0,81.0,99.0,0
211.0,95.0,97.0,1
185.0,79.0,99.0,0
193.0,83.0,99.0,0
193.0,92.0,98.0,1
185.0,77.0,94.0,0
183.0,77.0,95.0,0
203.0,102.0,95.0,1
201.0,98.0,95.0,1
188.0,79.0,95.0,0
185.0,83.0,97.0,0
180.0,81.0,95.0,0
201.0,90.0,96.0,1
201.0,102.0,96.0,1
190.0,81.0,95.0,0
196.0,83.0,98.0,0
188.0,92.0,98.0,1
178.0,78.0,97.0,0
188.0,86.0,100.0,0
178.0,77.0,97.0,0
196.0,90.0,94.0,1
185.0,83.0,97.0,0
201.0,94.0,95.0,1
203.0,102.0,94.0,1
193.0,86.0,94.0,0
196.0,97.0,95.0,1
190.0,83.0,96.0,0
188.0,83.0,97.0,0
190.0,95.0,97.0,1
188.0,88.0,98.0,0
201.0,90.0,96.0,1
190.0,86.0,95.0,0
183.0,72.0,96.0,0
188.0,83.0,97.0,0
185.0,77.0,98.0,0
193.0,95.0,96.0,1
206.0,97.0,95.0,1
201.0,97.0,95.0,1
183.0,83.0,95.0,0
188.0,83.0,97.0,0
190.0,81.0,96.0,0
193.0,86.0,94.0,0
190.0,83.0,95.0,0
196.0,92.0,94.0,1
203.0,92.0,94.0,1
198.0,102.0,95.0,1
190.0,86.0,98.0,0
211.0,99.0,95.0,1
203.0,95.0,94.0,1
188.0,86.0,97.0,0
180.0,83.0,97.0,0
196.0,81.0,95.0,0
188.0,95.0,94.0,1
201.0,95.0,93.0,1
188.0,84.0,95.0,0
198.0,97.0,94.0,1
206.0,106.0,96.0,1
188.0,81.0,97.0,0
198.0,90.0,94.0,1
211.0,106.0,95.0,1
211.0,106.0,96.0,1
196.0,95.0,93.0,1
196.0,88.0,100.0,1
190.0,79.0,90.0,0
196.0,88.0,90.0,1
193.0,88.0,95.0,0
198.0,81.0,96.0,0
190.0,97.0,96.0,1
185.0,81.0,96.0,0
198.0,95.0,95.0,1
193.0,83.0,96.0,0
180.0,73.0,95.0,0
196.0,86.0,97.0,1
201.0,86.0,95.0,1
190.0,88.0,95.0,0
190.0,77.0,93.0,0
193.0,95.0,95.0,1
190.0,83.0,96.0,0
185.0,84.0,94.0,0
188.0,86.0,96.0,0
190.0,95.0,96.0,1
193.0,86.0,93.0,0
196.0,86.0,97.0,1
196.0,77.0,95.0,0
198.0,111.0,93.0,1
188.0,80.0,96.0,0
206.0,104.0,93.0,1
198.0,99.0,94.0,1
188.0,83.0,96.0,0
188.0,83.0,95.0,0
193.0,97.0,94.0,1
190.0,86.0,97.0,0
190.0,86.0,97.0,0
190.0,83.0,95.0,0
196.0,81.0,93.0,0
203.0,99.0,93.0,1
198.0,95.0,92.0,1
193.0,92.0,93.0,0
206.0,92.0,93.0,1
190.0,86.0,94.0,0
196.0,92.0,95.0,1
190.0,81.0,93.0,0
188.0,77.0,94.0,0
206.0,99.0,93.0,1
201.0,83.0,93.0,1
193.0,77.0,95.0,0
183.0,72.0,95.0,0
185.0,81.0,95.0,0
196.0,99.0,92.0,1
188.0,86.0,94.0,0
201.0,108.0,94.0,1
196.0,90.0,92.0,1
201.0,99.0,93.0,1
196.0,88.0,94.0,1
213.0,99.0,95.0,1
190.0,83.0,94.0,0
193.0,86.0,92.0,0
190.0,85.0,92.0,0
190.0,90.0,93.0,0
198.0,92.0,92.0,1
190.0,86.0,92.0,0
198.0,99.0,92.0,1
190.0,83.0,96.0,0
203.0,86.0,93.0,1
196.0,99.0,95.0,1
183.0,76.0,92.0,0
193.0,86.0,94.0,0
188.0,92.0,92.0,1
188.0,81.0,95.0,0
201.0,97.0,92.0,1
196.0,86.0,90.0,1
190.0,88.0,90.0,0
206.0,89.0,92.0,1
190.0,83.0,92.0,0
201.0,105.0,92.0,1
198.0,95.0,91.0,1
198.0,104.0,94.0,1
190.0,81.0,93.0,0
203.0,99.0,92.0,1
198.0,95.0,98.0,1
203.0,95.0,93.0,1
190.0,83.0,93.0,0
201.0,103.0,91.0,1
188.0,83.0,92.0,0
193.0,88.0,93.0,0
193.0,95.0,94.0,1
201.0,98.0,91.0,1
198.0,97.0,91.0,1
203.0,92.0,91.0,1
208.0,92.0,92.0,1
183.0,73.0,90.0,0
190.0,83.0,93.0,0
185.0,83.0,91.0,0
198.0,102.0,91.0,1
198.0,90.0,93.0,1
198.0,104.0,91.0,1
185.0,81.0,91.0,0
208.0,97.0,91.0,1
203.0,90.0,92.0,1
190.0,83.0,91.0,0
196.0,92.0,90.0,1
201.0,97.0,90.0,1
196.0,86.0,95.0,1
193.0,88.0,94.0,0
198.0,86.0,90.0,1
185.0,83.0,92.0,0
188.0,77.0,94.0,0
193.0,86.0,90.0,0
190.0,99.0,93.0,1
193.0,83.0,90.0,0
193.0,83.0,90.0,0
203.0,95.0,94.0,1
193.0,89.0,92.0,0
203.0,104.0,90.0,1
188.0,80.0,90.0,0
188.0,79.0,94.0,0
188.0,83.0,90.0,0
196.0,95.0,90.0,1
193.0,86.0,92.0,0
201.0,99.0,91.0,1
198.0,98.0,93.0,1
203.0,104.0,90.0,1
193.0,88.0,95.0,0
188.0,83.0,92.0,0
196.0,102.0,91.0,1
198.0,95.0,90.0,1
193.0,90.0,92.0,0
198.0,92.0,89.0,1
201.0,79.0,90.0,1
203.0,92.0,89.0,1
206.0,100.0,89.0,1
196.0,83.0,89.0,1
203.0,108.0,88.0,1
201.0,95.0,89.0,1
198.0,97.0,88.0,1
188.0,79.0,89.0,0
198.0,86.0,90.0,1
190.0,88.0,89.0,0
196.0,97.0,93.0,1
196.0,97.0,93.0,1
180.0,83.0,89.0,0
196.0,92.0,89.0,1
203.0,101.0,92.0,1
206.0,99.0,89.0,1
206.0,97.0,89.0,1
183.0,83.0,90.0,0
188.0,83.0,91.0,0
201.0,92.0,89.0,1
203.0,99.0,92.0,1
206.0,102.0,89.0,1
190.0,90.0,88.0,0
193.0,86.0,89.0,0
183.0,81.0,93.0,0
216.0,124.0,89.0,1
203.0,104.0,88.0,1
196.0,90.0,92.0,1
196.0,99.0,88.0,1
196.0,95.0,89.0,1
201.0,95.0,88.0,1
188.0,88.0,90.0,0
201.0,99.0,88.0,1
190.0,86.0,90.0,0
193.0,90.0,88.0,0
206.0,102.0,88.0,1
206.0,99.0,87.0,1
193.0,86.0,88.0,0
190.0,83.0,89.0,0
185.0,72.0,92.0,0
183.0,79.0,89.0,0
203.0,97.0,88.0,1
198.0,92.0,87.0,1
193.0,81.0,87.0,0
221.0,106.0,92.0,1
208.0,99.0,87.0,1
203.0,97.0,87.0,1
203.0,97.0,87.0,1
190.0,83.0,89.0,0
180.0,81.0,87.0,0
196.0,95.0,87.0,1
193.0,90.0,89.0,0
185.0,77.0,87.0,0
201.0,97.0,87.0,1
190.0,86.0,89.0,0
198.0,97.0,89.0,1
196.0,92.0,87.0,1
198.0,95.0,87.0,1
188.0,79.0,87.0,0
185.0,81.0,88.0,0
193.0,95.0,89.0,1
211.0,102.0,86.0,1
185.0,79.0,86.0,0
185.0,79.0,86.0,0
201.0,95.0,88.0,1
206.0,95.0,87.0,1
198.0,102.0,86.0,1
188.0,90.0,89.0,0
188.0,79.0,87.0,0
175.0,72.0,87.0,0
178.0,77.0,88.0,0
180.0,81.0,86.0,0
180.0,81.0,86.0,0
185.0,83.0,87.0,0
201.0,99.0,87.0,1
206.0,95.0,87.0,1
193.0,83.0,87.0,0
198.0,92.0,86.0,1
188.0,83.0,86.0,0
198.0,97.0,87.0,1
185.0,79.0,87.0,0
208.0,102.0,86.0,1
198.0,95.0,86.0,1
190.0,85.0,86.0,0
203.0,106.0,87.0,1
206.0,97.0,87.0,1
201.0,99.0,86.0,1
196.0,99.0,87.0,1
185.0,81.0,89.0,0
196.0,86.0,86.0,1
188.0,83.0,88.0,0
190.0,95.0,88.0,1
193.0,97.0,87.0,1
203.0,106.0,88.0,1
185.0,79.0,86.0,0
185.0,81.0,87.0,0
206.0,102.0,86.0,1
198.0,103.0,86.0,1
203.0,108.0,84.0,1
193.0,81.0,89.0,0
198.0,99.0,85.0,1
201.0,85.0,85.0,0
203.0,90.0,85.0,0
193.0,79.0,103.0,0
208.0,95.0,85.0,1
198.0,86.0,85.0,1
190.0,77.0,86.0,0
201.0,86.0,88.0,0
203.0,102.0,87.0,1
196.0,92.0,85.0,1
203.0,87.0,85.0,0
203.0,87.0,85.0,0
190.0,86.0,85.0,0
206.0,102.0,86.0,1
188.0,81.0,85.0,0
196.0,99.0,85.0,1
198.0,95.0,85.0,1
188.0,77.0,86.0,0
203.0,99.0,85.0,1
198.0,92.0,85.0,1
198.0,99.0,84.0,1
196.0,95.0,86.0,1
193.0,97.0,91.0,1
183.0,83.0,85.0,0
183.0,83.0,85.0,0
188.0,86.0,85.0,0
198.0,96.0,85.0,1
196.0,90.0,89.0,1
185.0,81.0,85.0,0
193.0,92.0,85.0,0
208.0,95.0,88.0,1
188.0,79.0,87.0,0
196.0,95.0,86.0,1
190.0,81.0,85.0,0
196.0,88.0,84.0,1
213.0,112.0,83.0,1
188.0,79.0,85.0,0
196.0,92.0,84.0,1
193.0,83.0,84.0,0
206.0,104.0,84.0,1
198.0,104.0,87.0,1
188.0,79.0,84.0,0
196.0,97.0,86.0,1
203.0,104.0,85.0,1
193.0,88.0,85.0,0
193.0,83.0,87.0,0
183.0,88.0,86.0,0
190.0,86.0,86.0,0
196.0,90.0,85.0,1
188.0,77.0,86.0,0
193.0,88.0,84.0,0
211.0,102.0,84.0,1
193.0,88.0,84.0,0
203.0,97.0,85.0,1
203.0,95.0,84.0,1
196.0,87.0,83.0,1
203.0,95.0,83.0,1
185.0,79.0,87.0,0
196.0,88.0,84.0,1
213.0,104.0,84.0,1
185.0,85.0,83.0,0
193.0,97.0,85.0,1
201.0,102.0,83.0,1
201.0,102.0,83.0,1
201.0,95.0,83.0,1
206.0,108.0,84.0,1
188.0,81.0,83.0,0
193.0,102.0,99.0,1
185.0,83.0,84.0,0
198.0,95.0,83.0,1
193.0,90.0,83.0,0
201.0,104.0,83.0,1
193.0,86.0,83.0,0
196.0,97.0,83.0,1
206.0,106.0,83.0,1
201.0,99.0,82.0,1
208.0,102.0,84.0,1
201.0,97.0,86.0,1
203.0,102.0,83.0,1
201.0,92.0,81.0,0
201.0,88.0,83.0,0
201.0,113.0,83.0,1
198.0,95.0,82.0,1
198.0,95.0,82.0,1
196.0,88.0,81.0,1
203.0,92.0,82.0,0
201.0,95.0,83.0,1
185.0,77.0,82.0,0
203.0,99.0,83.0,1
196.0,92.0,82.0,1
190.0,83.0,82.0,0
196.0,92.0,83.0,1
196.0,88.0,83.0,1
173.0,77.0,83.0,0
201.0,90.0,84.0,0
208.0,106.0,85.0,1
208.0,106.0,85.0,1
208.0,106.0,85.0,1
196.0,90.0,84.0,1
198.0,95.0,82.0,1
198.0,95.0,82.0,1
188.0,81.0,83.0,0
208.0,102.0,81.0,1
183.0,77.0,81.0,0
203.0,95.0,84.0,1
190.0,81.0,82.0,0
206.0,93.0,81.0,1
208.0,104.0,82.0,1
196.0,83.0,82.0,1
188.0,79.0,84.0,0
193.0,85.0,84.0,0
185.0,77.0,80.0,0
198.0,79.0,81.0,0
213.0,108.0,83.0,1
190.0,88.0,110.0,0
201.0,104.0,84.0,1
196.0,95.0,81.0,1
203.0,95.0,96.0,1
198.0,99.0,83.0,1
196.0,90.0,82.0,1
208.0,92.0,81.0,1
203.0,97.0,83.0,1
201.0,90.0,81.0,0
185.0,74.0,81.0,0
203.0,104.0,82.0,1
203.0,104.0,81.0,1
203.0,97.0,82.0,1
185.0,83.0,84.0,0
196.0,98.0,81.0,1
190.0,92.0,81.0,0
196.0,93.0,81.0,1
201.0,95.0,81.0,1
211.0,99.0,80.0,1
198.0,95.0,83.0,1
188.0,90.0,81.0,0
196.0,92.0,82.0,1
193.0,86.0,81.0,0
190.0,88.0,80.0,0
208.0,108.0,82.0,1
193.0,95.0,81.0,1
206.0,102.0,84.0,1
201.0,99.0,82.0,1
201.0,89.0,80.0,0
196.0,92.0,81.0,1
208.0,104.0,82.0,1
193.0,90.0,80.0,0
185.0,83.0,80.0,0
185.0,83.0,80.0,0
203.0,95.0,81.0,1
190.0,88.0,82.0,0
185.0,83.0,82.0,0
203.0,99.0,80.0,1
201.0,92.0,82.0,0
188.0,86.0,80.0,0
198.0,102.0,82.0,1
183.0,81.0,83.0,0
190.0,79.0,80.0,0
188.0,81.0,81.0,0
196.0,95.0,80.0,1
201.0,95.0,81.0,1
196.0,88.0,81.0,1
196.0,92.0,82.0,1
190.0,83.0,81.0,0
203.0,104.0,86.0,1
198.0,95.0,80.0,1
193.0,92.0,80.0,0
206.0,99.0,81.0,1
213.0,102.0,80.0,1
203.0,86.0,82.0,0
201.0,99.0,81.0,1
190.0,88.0,81.0,0
188.0,79.0,79.0,0
193.0,80.0,81.0,0
196.0,86.0,81.0,1
198.0,88.0,81.0,1
185.0,81.0,86.0,0
201.0,98.0,81.0,1
206.0,106.0,79.0,1
185.0,79.0,79.0,0
206.0,92.0,79.0,1
190.0,92.0,80.0,0
185.0,79.0,80.0,0
213.0,120.0,80.0,1
203.0,99.0,84.0,1
196.0,95.0,79.0,1
208.0,111.0,79.0,1
196.0,95.0,79.0,1
193.0,88.0,80.0,0
201.0,102.0,80.0,1
185.0,77.0,80.0,0
196.0,90.0,80.0,0
185.0,83.0,79.0,0
193.0,83.0,78.0,0
206.0,106.0,80.0,1
201.0,95.0,81.0,1
203.0,102.0,79.0,1
201.0,95.0,79.0,1
203.0,108.0,79.0,1
198.0,95.0,78.0,1
206.0,97.0,79.0,1
190.0,79.0,79.0,0
193.0,90.0,79.0,0
211.0,92.0,79.0,1
213.0,108.0,79.0,1
213.0,111.0,79.0,1
190.0,86.0,79.0,0
203.0,99.0,79.0,1
196.0,92.0,80.0,1
196.0,97.0,79.0,1
211.0,106.0,80.0,1
193.0,90.0,80.0,0
208.0,102.0,80.0,1
201.0,88.0,82.0,0
196.0,88.0,78.0,0
201.0,95.0,80.0,1
201.0,111.0,79.0,1
198.0,99.0,80.0,1
190.0,81.0,80.0,0
190.0,85.0,81.0,0
190.0,81.0,80.0,0
218.0,102.0,78.0,1
188.0,79.0,78.0,0
201.0,99.0,79.0,1
193.0,83.0,78.0,0
196.0,90.0,79.0,0
190.0,83.0,78.0,0
190.0,83.0,80.0,0
198.0,88.0,78.0,0
190.0,83.0,79.0,0
190.0,83.0,78.0,0
190.0,86.0,79.0,0
201.0,93.0,78.0,1
201.0,95.0,78.0,1
203.0,95.0,83.0,1
188.0,81.0,79.0,0
203.0,97.0,78.0,1
201.0,97.0,80.0,1
190.0,79.0,79.0,0
201.0,97.0,78.0,1
196.0,92.0,77.0,0
198.0,97.0,79.0,1
196.0,90.0,78.0,0
208.0,99.0,79.0,1
193.0,88.0,78.0,0
206.0,104.0,78.0,1
203.0,99.0,77.0,1
196.0,86.0,86.0,1
196.0,86.0,86.0,1
208.0,99.0,77.0,1
190.0,81.0,78.0,0
190.0,81.0,78.0,0
190.0,79.0,80.0,0
188.0,78.0,78.0,0
198.0,95.0,78.0,1
185.0,68.0,77.0,0
196.0,92.0,78.0,0
208.0,106.0,77.0,1
193.0,88.0,81.0,0
208.0,99.0,84.0,1
208.0,115.0,79.0,1
188.0,79.0,79.0,0
190.0,79.0,77.0,0
206.0,104.0,77.0,1
206.0,104.0,77.0,1
201.0,97.0,78.0,1
193.0,83.0,79.0,0
216.0,108.0,78.0,1
193.0,86.0,77.0,0
190.0,81.0,79.0,0
206.0,95.0,77.0,1
198.0,102.0,78.0,1
203.0,102.0,76.0,1
198.0,99.0,77.0,1
206.0,86.0,76.0,0
206.0,86.0,76.0,0
206.0,97.0,77.0,1
206.0,104.0,77.0,1
198.0,97.0,77.0,1
211.0,111.0,78.0,1
201.0,90.0,78.0,0
190.0,81.0,77.0,0
201.0,97.0,78.0,1
208.0,106.0,77.0,1
211.0,113.0,77.0,1
196.0,89.0,78.0,0
190.0,83.0,77.0,0
206.0,99.0,77.0,1
196.0,97.0,77.0,1
201.0,95.0,77.0,1
196.0,86.0,77.0,0
175.0,74.0,77.0,0
196.0,92.0,77.0,0
201.0,99.0,77.0,1
193.0,86.0,77.0,0
190.0,90.0,77.0,0
206.0,106.0,77.0,1
208.0,102.0,77.0,1
198.0,102.0,81.0,1
206.0,106.0,80.0,1
203.0,102.0,77.0,1
198.0,99.0,78.0,1
206.0,95.0,77.0,1
206.0,102.0,80.0,1
196.0,81.0,77.0,0
198.0,92.0,77.0,0
203.0,98.0,77.0,1
190.0,83.0,77.0,0
206.0,99.0,77.0,1
180.0,79.0,78.0,0
193.0,77.0,77.0,0
188.0,88.0,77.0,0
188.0,82.0,80.0,0
201.0,90.0,79.0,0
185.0,74.0,77.0,0
190.0,92.0,78.0,0
185.0,77.0,77.0,0
198.0,88.0,76.0,0
213.0,104.0,77.0,1
190.0,82.0,77.0,0
193.0,90.0,77.0,0
198.0,104.0,77.0,1
190.0,81.0,75.0,0
190.0,83.0,76.0,0
188.0,72.0,76.0,0
196.0,95.0,75.0,1
201.0,86.0,77.0,0
196.0,95.0,77.0,1
203.0,95.0,78.0,1
196.0,87.0,76.0,0
190.0,83.0,77.0,0
190.0,81.0,76.0,0
185.0,81.0,77.0,0
206.0,97.0,76.0,1
190.0,83.0,76.0,0
201.0,97.0,79.0,1
211.0,103.0,77.0,1
203.0,108.0,76.0,1
201.0,102.0,76.0,1
203.0,97.0,78.0,1
183.0,79.0,77.0,0
188.0,88.0,76.0,0
208.0,104.0,76.0,1
193.0,90.0,76.0,0
201.0,99.0,78.0,1
206.0,102.0,77.0,1
218.0,108.0,75.0,1
203.0,99.0,77.0,1
206.0,104.0,76.0,1
193.0,88.0,77.0,0
190.0,88.0,76.0,0
201.0,102.0,76.0,1
196.0,79.0,77.0,0
213.0,113.0,76.0,1
190.0,81.0,77.0,0
213.0,99.0,76.0,1
196.0,81.0,76.0,0
203.0,92.0,77.0,0
203.0,102.0,76.0,1
196.0,97.0,75.0,1
188.0,79.0,77.0,0
188.0,83.0,76.0,0
201.0,97.0,79.0,1
188.0,86.0,77.0,0
185.0,83.0,76.0,0
188.0,81.0,75.0,0
185.0,79.0,75.0,0
196.0,95.0,78.0,1
196.0,92.0,83.0,1
201.0,95.0,75.0,1
201.0,97.0,75.0,1
203.0,99.0,76.0,1
190.0,83.0,79.0,0
188.0,81.0,75.0,0
198.0,92.0,75.0,0
196.0,86.0,76.0,0
188.0,79.0,76.0,0
198.0,95.0,75.0,1
208.0,99.0,75.0,1
201.0,97.0,75.0,1
201.0,86.0,79.0,0
183.0,77.0,76.0,0
198.0,90.0,76.0,0
203.0,102.0,80.0,1
196.0,83.0,75.0,0
211.0,94.0,75.0,1
206.0,95.0,74.0,1
193.0,81.0,75.0,0
203.0,90.0,75.0,0
198.0,97.0,75.0,1
203.0,88.0,75.0,0
201.0,102.0,75.0,1
198.0,99.0,77.0,1
183.0,77.0,75.0,0
190.0,88.0,76.0,0
208.0,104.0,74.0,1
208.0,102.0,75.0,1
203.0,88.0,75.0,0
190.0,81.0,76.0,0
185.0,77.0,75.0,0
201.0,97.0,76.0,1
196.0,86.0,75.0,0
193.0,97.0,77.0,1
198.0,97.0,75.0,1
185.0,72.0,78.0,0
198.0,93.0,75.0,0
193.0,88.0,75.0,0
198.0,95.0,78.0,1
203.0,99.0,75.0,1
206.0,90.0,74.0,0
206.0,83.0,74.0,0
196.0,83.0,74.0,0
206.0,95.0,74.0,1
201.0,95.0,74.0,1
201.0,99.0,74.0,1
193.0,88.0,78.0,0
198.0,85.0,76.0,0
190.0,81.0,74.0,0
190.0,81.0,74.0,0
198.0,81.0,74.0,0
190.0,83.0,74.0,0
198.0,99.0,75.0,1
201.0,98.0,74.0,1
183.0,81.0,74.0,0
203.0,102.0,75.0,1
201.0,102.0,75.0,1
190.0,83.0,76.0,0
201.0,90.0,75.0,0
203.0,88.0,74.0,0
193.0,86.0,75.0,0
190.0,81.0,74.0,0
208.0,95.0,73.0,1
190.0,88.0,76.0,0
203.0,99.0,74.0,1
213.0,104.0,74.0,1
196.0,95.0,74.0,1
188.0,81.0,74.0,0
201.0,90.0,77.0,0
188.0,81.0,97.0,0
206.0,88.0,74.0,0
188.0,83.0,74.0,0
190.0,86.0,74.0,0
196.0,90.0,75.0,0
198.0,88.0,75.0,0
196.0,95.0,75.0,1
188.0,79.0,75.0,0
185.0,86.0,80.0,0
203.0,104.0,74.0,1
185.0,79.0,74.0,0
201.0,88.0,75.0,0
213.0,106.0,75.0,1
208.0,104.0,82.0,1
203.0,97.0,77.0,1
196.0,83.0,74.0,0
193.0,83.0,75.0,0
196.0,88.0,73.0,0
193.0,80.0,71.0,0
218.0,102.0,73.0,1
206.0,98.0,74.0,1
211.0,99.0,76.0,1
201.0,89.0,74.0,0
196.0,95.0,74.0,1
183.0,79.0,73.0,0
198.0,92.0,71.0,1
190.0,79.0,73.0,0
198.0,102.0,73.0,1
203.0,108.0,74.0,1
208.0,90.0,75.0,1
206.0,99.0,75.0,1
190.0,86.0,73.0,0
183.0,81.0,73.0,0
201.0,90.0,74.0,0
203.0,95.0,73.0,1
208.0,86.0,73.0,0
193.0,85.0,80.0,0
198.0,89.0,75.0,0
213.0,111.0,74.0,1
193.0,81.0,73.0,0
183.0,74.0,74.0,0
198.0,86.0,73.0,0
183.0,77.0,70.0,0
190.0,79.0,72.0,0
206.0,102.0,74.0,1
201.0,102.0,74.0,1
196.0,98.0,81.0,1
201.0,95.0,74.0,1
196.0,88.0,73.0,0
188.0,86.0,105.0,0
193.0,83.0,73.0,0
206.0,102.0,72.0,1
190.0,83.0,74.0,0
188.0,90.0,78.0,0
203.0,86.0,74.0,0
183.0,83.0,74.0,0
211.0,95.0,73.0,1
188.0,74.0,73.0,0
193.0,86.0,73.0,0
201.0,97.0,73.0,1
201.0,90.0,75.0,0
198.0,86.0,72.0,0
201.0,104.0,74.0,1
193.0,83.0,99.0,0
193.0,83.0,73.0,0
206.0,95.0,71.0,1
196.0,88.0,72.0,0
201.0,86.0,74.0,0
201.0,97.0,72.0,1
206.0,99.0,72.0,1
196.0,95.0,72.0,1
206.0,83.0,71.0,0
211.0,106.0,74.0,1
203.0,90.0,75.0,0
211.0,113.0,68.0,1
193.0,86.0,74.0,0
208.0,92.0,72.0,1
196.0,92.0,72.0,1
206.0,97.0,73.0,1
206.0,97.0,73.0,1
190.0,83.0,81.0,0
196.0,95.0,72.0,1
198.0,90.0,72.0,0
201.0,81.0,74.0,0
193.0,92.0,73.0,0
193.0,86.0,71.0,0
183.0,79.0,74.0,0
190.0,83.0,72.0,0
196.0,92.0,83.0,1
213.0,106.0,72.0,1
190.0,92.0,72.0,0
190.0,92.0,72.0,0
208.0,102.0,72.0,1
198.0,83.0,72.0,0
190.0,86.0,74.0,0
203.0,102.0,72.0,1
188.0,83.0,77.0,0
190.0,86.0,72.0,0
203.0,106.0,75.0,1
211.0,97.0,73.0,1
208.0,97.0,72.0,1
203.0,97.0,72.0,1
188.0,83.0,70.0,0
206.0,105.0,71.0,1
201.0,104.0,72.0,1
190.0,77.0,76.0,0
203.0,95.0,72.0,1
198.0,95.0,73.0,1
198.0,90.0,72.0,0
206.0,106.0,73.0,1
190.0,89.0,72.0,0
203.0,99.0,72.0,1
188.0,88.0,72.0,0
188.0,79.0,72.0,0
203.0,92.0,68.0,1
201.0,99.0,71.0,1
185.0,77.0,73.0,0
211.0,102.0,70.0,1
203.0,95.0,73.0,1
193.0,92.0,72.0,0
190.0,81.0,75.0,0
203.0,102.0,74.0,1
206.0,102.0,80.0,1
201.0,90.0,70.0,1
188.0,90.0,79.0,0
190.0,86.0,71.0,0
188.0,83.0,72.0,0
193.0,86.0,75.0,0
183.0,74.0,78.0,0
183.0,74.0,78.0,0
203.0,97.0,73.0,1
203.0,95.0,70.0,1
183.0,77.0,81.0,0
206.0,99.0,81.0,1
196.0,94.0,69.0,1
188.0,77.0,70.0,0
198.0,89.0,71.0,0
208.0,108.0,76.0,1
208.0,99.0,77.0,1
208.0,104.0,71.0,1
190.0,81.0,71.0,0
211.0,97.0,79.0,1
206.0,99.0,73.0,1
193.0,86.0,73.0,0
201.0,86.0,71.0,0
201.0,95.0,75.0,1
193.0,83.0,71.0,0
188.0,81.0,72.0,0
193.0,86.0,71.0,0
193.0,83.0,75.0,0
203.0,90.0,72.0,1
201.0,81.0,73.0,0
218.0,108.0,76.0,1
208.0,90.0,74.0,1
201.0,99.0,72.0,1
206.0,92.0,71.0,1
206.0,95.0,72.0,1
201.0,92.0,72.0,1
193.0,86.0,72.0,0
206.0,97.0,76.0,1
188.0,77.0,71.0,0
211.0,99.0,73.0,1
206.0,106.0,77.0,1
193.0,83.0,71.0,0
206.0,95.0,74.0,1
211.0,98.0,75.0,1
198.0,99.0,79.0,1
206.0,102.0,71.0,1
190.0,83.0,89.0,0
190.0,83.0,73.0,0
196.0,92.0,76.0,0
206.0,92.0,73.0,1
198.0,88.0,73.0,0
206.0,104.0,71.0,1
185.0,81.0,74.0,0
193.0,87.0,73.0,0
208.0,104.0,73.0,1
190.0,79.0,72.0,0
206.0,97.0,73.0,1
208.0,97.0,70.0,1
201.0,97.0,71.0,1
190.0,86.0,72.0,0
185.0,81.0,79.0,0
196.0,86.0,73.0,0
211.0,108.0,75.0,1
198.0,90.0,74.0,0
203.0,102.0,69.0,1
208.0,97.0,76.0,1
208.0,99.0,72.0,1
213.0,104.0,72.0,1
198.0,90.0,70.0,0
211.0,106.0,77.0,1
203.0,90.0,75.0,0
208.0,106.0,76.0,1
185.0,86.0,72.0,0
203.0,92.0,72.0,1
193.0,88.0,72.0,0
203.0,108.0,70.0,1
185.0,81.0,76.0,0
196.0,90.0,76.0,0
190.0,86.0,73.0,0
213.0,99.0,76.0,1
198.0,86.0,71.0,0
196.0,83.0,72.0,0
188.0,83.0,74.0,0
183.0,79.0,79.0,0
203.0,90.0,71.0,1
193.0,88.0,75.0,0
193.0,88.0,71.0,0
170.0,68.0,72.0,0
185.0,79.0,75.0,0
185.0,79.0,75.0,0
193.0,86.0,70.0,0
201.0,86.0,71.0,0
183.0,72.0,72.0,0
193.0,88.0,73.0,0
211.0,99.0,70.0,1
216.0,102.0,73.0,1
198.0,88.0,71.0,0
183.0,74.0,82.0,0
183.0,74.0,82.0,0
188.0,83.0,74.0,0
196.0,95.0,78.0,1
185.0,72.0,71.0,0
190.0,79.0,70.0,0
201.0,97.0,70.0,1
208.0,106.0,71.0,1
190.0,86.0,70.0,0
188.0,79.0,71.0,0
201.0,102.0,72.0,1
198.0,86.0,72.0,0
188.0,83.0,70.0,0
188.0,83.0,73.0,0
201.0,99.0,70.0,1
198.0,88.0,72.0,0
198.0,97.0,70.0,1
173.0,74.0,77.0,0
201.0,95.0,71.0,1
190.0,81.0,70.0,0
203.0,92.0,94.0,1
201.0,104.0,71.0,1
201.0,104.0,71.0,1
213.0,102.0,70.0,1
196.0,83.0,89.0,1
201.0,97.0,71.0,1
208.0,106.0,71.0,1
188.0,79.0,70.0,0
198.0,98.0,70.0,1
183.0,77.0,71.0,0
201.0,86.0,73.0,0
198.0,95.0,70.0,1
196.0,81.0,70.0,0
203.0,92.0,81.0,0
190.0,92.0,71.0,0
201.0,98.0,69.0,1
185.0,77.0,70.0,0
201.0,92.0,69.0,1
206.0,95.0,70.0,1
188.0,81.0,70.0,0
208.0,99.0,70.0,1
203.0,97.0,70.0,1
198.0,86.0,71.0,0
190.0,90.0,71.0,0
203.0,92.0,70.0,1
203.0,95.0,71.0,1
203.0,88.0,70.0,1
188.0,77.0,70.0,0
201.0,95.0,72.0,1
206.0,106.0,70.0,1
203.0,92.0,70.0,1
196.0,83.0,70.0,0
193.0,88.0,69.0,0
216.0,106.0,70.0,1
201.0,83.0,70.0,0
198.0,97.0,71.0,1
211.0,104.0,70.0,1
185.0,77.0,70.0,0
180.0,74.0,70.0,0
190.0,81.0,69.0,0
206.0,102.0,70.0,1
190.0,85.0,71.0,0
201.0,90.0,70.0,1
180.0,74.0,69.0,0
185.0,79.0,71.0,0
198.0,83.0,68.0,0
193.0,81.0,70.0,0
198.0,86.0,69.0,0
201.0,97.0,69.0,1
196.0,86.0,69.0,0
185.0,81.0,69.0,0
196.0,77.0,69.0,0
208.0,99.0,69.0,1
211.0,113.0,69.0,1
211.0,127.0,70.0,2
201.0,99.0,69.0,1
206.0,102.0,70.0,1
198.0,88.0,69.0,0
188.0,79.0,69.0,0
196.0,92.0,69.0,1
188.0,83.0,69.0,0
208.0,102.0,71.0,1
203.0,99.0,69.0,1
198.0,88.0,69.0,0
183.0,81.0,70.0,0
198.0,88.0,70.0,0
201.0,99.0,69.0,1
208.0,108.0,69.0,1
198.0,83.0,69.0,0
201.0,92.0,70.0,1
183.0,83.0,69.0,0
196.0,88.0,69.0,0
183.0,72.0,70.0,0
201.0,97.0,69.0,1
201.0,95.0,70.0,1
198.0,92.0,69.0,1
196.0,90.0,69.0,0
190.0,92.0,69.0,0
198.0,85.0,70.0,0
198.0,85.0,70.0,0
211.0,104.0,69.0,1
198.0,95.0,70.0,1
201.0,104.0,70.0,1
198.0,90.0,68.0,0
201.0,95.0,68.0,1
201.0,104.0,81.0,1
201.0,86.0,68.0,0
208.0,102.0,70.0,1
190.0,79.0,70.0,0
201.0,97.0,69.0,1
190.0,79.0,70.0,0
208.0,99.0,69.0,1
193.0,86.0,69.0,0
196.0,90.0,69.0,0
206.0,99.0,68.0,1
206.0,99.0,68.0,1
206.0,99.0,69.0,1
203.0,102.0,69.0,1
198.0,88.0,68.0,0
216.0,111.0,68.0,1
208.0,97.0,69.0,1
198.0,81.0,70.0,0
201.0,102.0,74.0,1
193.0,88.0,68.0,0
206.0,104.0,69.0,1
196.0,86.0,68.0,0
193.0,86.0,68.0,0
206.0,102.0,68.0,1
188.0,81.0,69.0,0
203.0,91.0,70.0,1
185.0,77.0,70.0,0
193.0,81.0,68.0,0
206.0,100.0,68.0,1
188.0,81.0,68.0,0
188.0,79.0,69.0,0
190.0,83.0,68.0,0
190.0,81.0,69.0,0
203.0,97.0,69.0,1
188.0,79.0,68.0,0
203.0,95.0,71.0,1
183.0,77.0,76.0,0
201.0,98.0,69.0,1
188.0,90.0,69.0,0
206.0,102.0,72.0,1
201.0,86.0,68.0,0
206.0,102.0,74.0,1
208.0,104.0,69.0,1
198.0,102.0,68.0,1
206.0,99.0,69.0,1
185.0,77.0,68.0,0
190.0,83.0,68.0,0
208.0,104.0,69.0,1
213.0,113.0,68.0,1
190.0,81.0,68.0,0
198.0,99.0,68.0,1
211.0,99.0,68.0,1
201.0,99.0,68.0,1
206.0,102.0,74.0,1
190.0,88.0,69.0,0
206.0,99.0,65.0,1
196.0,86.0,68.0,0
206.0,95.0,69.0,1
188.0,81.0,69.0,0
201.0,95.0,67.0,1
190.0,79.0,70.0,0
203.0,95.0,68.0,1
206.0,99.0,67.0,1
196.0,83.0,68.0,0
193.0,81.0,67.0,0
201.0,99.0,67.0,1
190.0,86.0,106.0,0
208.0,97.0,67.0,1
193.0,88.0,56.0,0
196.0,81.0,67.0,0
190.0,79.0,68.0,0
193.0,83.0,71.0,0
198.0,81.0,74.0,0
190.0,83.0,67.0,0
206.0,95.0,68.0,1
201.0,92.0,67.0,1
218.0,124.0,68.0,2
185.0,77.0,67.0,0
218.0,113.0,71.0,1
190.0,88.0,67.0,0
193.0,81.0,67.0,0
201.0,86.0,69.0,0
211.0,113.0,66.0,1
193.0,86.0,67.0,0
201.0,83.0,68.0,0
201.0,88.0,68.0,1
208.0,88.0,68.0,0
203.0,99.0,68.0,1
193.0,90.0,83.0,0
211.0,92.0,68.0,1
206.0,92.0,68.0,1
208.0,102.0,69.0,1
201.0,89.0,69.0,1
198.0,98.0,66.0,1
193.0,86.0,67.0,0
193.0,79.0,68.0,0
211.0,111.0,68.0,1
213.0,103.0,73.0,1
188.0,79.0,66.0,0
190.0,79.0,68.0,0
208.0,108.0,67.0,1
185.0,77.0,66.0,0
201.0,92.0,68.0,1
201.0,95.0,68.0,1
208.0,95.0,68.0,1
198.0,97.0,67.0,1
185.0,79.0,67.0,0
185.0,77.0,68.0,0
190.0,83.0,67.0,0
185.0,79.0,67.0,0
198.0,102.0,70.0,1
201.0,93.0,67.0,1
213.0,97.0,68.0,1
203.0,79.0,67.0,0
203.0,99.0,71.0,1
198.0,86.0,68.0,0
198.0,99.0,67.0,1
185.0,77.0,67.0,0
203.0,97.0,68.0,1
196.0,86.0,68.0,0
203.0,98.0,67.0,1
185.0,79.0,67.0,0
203.0,94.0,67.0,1
201.0,95.0,68.0,1
185.0,76.0,69.0,0
203.0,97.0,67.0,1
188.0,79.0,67.0,0
201.0,97.0,68.0,1
196.0,95.0,69.0,1
190.0,80.0,68.0,0
201.0,95.0,68.0,1
203.0,99.0,67.0,1
213.0,99.0,70.0,1
201.0,104.0,86.0,1
206.0,90.0,68.0,1
198.0,86.0,72.0,0
211.0,104.0,70.0,1
196.0,88.0,67.0,0
196.0,88.0,67.0,0
198.0,105.0,66.0,1
193.0,79.0,66.0,0
213.0,95.0,67.0,1
201.0,97.0,66.0,1
198.0,86.0,66.0,0
193.0,83.0,67.0,0
198.0,86.0,72.0,0
196.0,97.0,66.0,1
208.0,99.0,67.0,1
193.0,83.0,67.0,0
196.0,79.0,67.0,0
188.0,81.0,67.0,0
206.0,113.0,67.0,1
208.0,99.0,66.0,1
208.0,104.0,68.0,1
188.0,72.0,76.0,0
203.0,99.0,67.0,1
190.0,77.0,67.0,0
188.0,77.0,69.0,0
203.0,86.0,66.0,0
185.0,77.0,66.0,0
218.0,117.0,67.0,2
183.0,77.0,70.0,0
213.0,92.0,70.0,1
198.0,92.0,66.0,1
208.0,108.0,69.0,1
185.0,83.0,67.0,0
203.0,99.0,81.0,1
198.0,86.0,66.0,0
198.0,88.0,66.0,0
193.0,87.0,73.0,0
213.0,108.0,67.0,1
198.0,92.0,66.0,1
198.0,92.0,66.0,1
201.0,92.0,67.0,1
193.0,86.0,69.0,0
206.0,97.0,66.0,1
196.0,86.0,66.0,0
196.0,88.0,66.0,0
208.0,92.0,66.0,1
208.0,98.0,67.0,1
193.0,86.0,66.0,0
201.0,86.0,69.0,0
203.0,96.0,67.0,1
208.0,108.0,67.0,1
211.0,106.0,66.0,1
206.0,102.0,67.0,1
201.0,104.0,66.0,1
185.0,81.0,64.0,0
206.0,102.0,67.0,1
198.0,99.0,66.0,1
196.0,86.0,66.0,0
185.0,83.0,66.0,0
206.0,97.0,66.0,1
201.0,99.0,66.0,1
201.0,95.0,67.0,1
203.0,97.0,65.0,1
208.0,109.0,67.0,1
201.0,86.0,66.0,0
198.0,87.0,67.0,0
201.0,106.0,66.0,1
206.0,97.0,66.0,1
206.0,99.0,67.0,1
190.0,83.0,65.0,0
190.0,83.0,65.0,0
208.0,108.0,65.0,1
183.0,83.0,65.0,0
208.0,108.0,69.0,1
193.0,81.0,66.0,0
188.0,81.0,70.0,0
206.0,99.0,64.0,1
190.0,81.0,64.0,0
224.0,124.0,68.0,2
193.0,81.0,66.0,0
196.0,88.0,65.0,0
211.0,111.0,66.0,1
203.0,102.0,68.0,1
190.0,77.0,65.0,0
208.0,99.0,85.0,1
201.0,97.0,64.0,1
208.0,106.0,65.0,1
201.0,90.0,65.0,1
188.0,86.0,65.0,0
203.0,95.0,69.0,1
211.0,111.0,65.0,1
203.0,86.0,66.0,0
201.0,102.0,64.0,1
206.0,108.0,65.0,1
190.0,77.0,65.0,0
203.0,95.0,64.0,1
206.0,102.0,67.0,1
203.0,91.0,66.0,1
211.0,106.0,66.0,1
203.0,92.0,65.0,1
201.0,107.0,65.0,1
226.0,98.0,66.0,2
206.0,104.0,65.0,1
201.0,102.0,64.0,1
193.0,92.0,66.0,0
203.0,99.0,67.0,1
196.0,83.0,67.0,0
193.0,81.0,65.0,0
196.0,88.0,65.0,0
198.0,95.0,65.0,1
208.0,95.0,65.0,1
188.0,77.0,66.0,0
196.0,92.0,65.0,0
190.0,81.0,105.0,0
196.0,88.0,66.0,0
193.0,79.0,65.0,0
196.0,81.0,65.0,0
196.0,88.0,65.0,0
201.0,88.0,65.0,1
203.0,102.0,65.0,1
208.0,111.0,64.0,1
211.0,97.0,65.0,1
201.0,86.0,66.0,0
196.0,87.0,66.0,0
196.0,88.0,66.0,0
203.0,95.0,66.0,1
201.0,90.0,65.0,1
185.0,79.0,68.0,0
190.0,85.0,81.0,0
206.0,102.0,64.0,1
216.0,108.0,72.0,1
206.0,92.0,64.0,1
211.0,97.0,64.0,1
221.0,104.0,65.0,2
213.0,111.0,66.0,1
196.0,97.0,64.0,1
193.0,95.0,65.0,0
203.0,95.0,64.0,1
208.0,97.0,64.0,1
203.0,99.0,65.0,1
201.0,95.0,63.0,1
198.0,81.0,64.0,0
201.0,92.0,65.0,1
185.0,72.0,65.0,0
203.0,92.0,66.0,1
208.0,92.0,65.0,1
190.0,86.0,64.0,0
188.0,83.0,92.0,0
198.0,86.0,64.0,0
193.0,83.0,64.0,0
206.0,95.0,64.0,1
206.0,97.0,68.0,1
206.0,102.0,72.0,1
211.0,113.0,64.0,1
208.0,104.0,64.0,1
206.0,111.0,65.0,1
183.0,88.0,65.0,0
193.0,92.0,64.0,0
201.0,86.0,65.0,0
201.0,99.0,64.0,1
206.0,97.0,65.0,1
206.0,99.0,65.0,1
208.0,104.0,69.0,1
188.0,83.0,65.0,0
203.0,104.0,64.0,1
216.0,108.0,65.0,1
203.0,97.0,65.0,1
193.0,83.0,64.0,0
208.0,98.0,65.0,1
224.0,103.0,65.0,2
190.0,88.0,64.0,0
211.0,111.0,65.0,1
188.0,77.0,64.0,0
190.0,86.0,64.0,0
190.0,86.0,65.0,0
198.0,95.0,64.0,1
188.0,79.0,64.0,0
211.0,102.0,64.0,1
193.0,81.0,64.0,0
206.0,104.0,65.0,1
208.0,104.0,65.0,1
190.0,80.0,63.0,0
193.0,83.0,66.0,0
188.0,79.0,64.0,0
193.0,79.0,66.0,0
198.0,95.0,66.0,1
211.0,117.0,66.0,1
201.0,97.0,67.0,1
206.0,106.0,65.0,1
198.0,114.0,62.0,2
198.0,95.0,62.0,1
216.0,106.0,64.0,1
206.0,108.0,66.0,1
198.0,83.0,65.0,0
188.0,83.0,63.0,0
206.0,101.0,63.0,1
201.0,97.0,63.0,1
196.0,95.0,66.0,1
206.0,102.0,64.0,1
216.0,104.0,66.0,1
190.0,74.0,63.0,0
201.0,90.0,65.0,1
203.0,92.0,63.0,1
196.0,99.0,63.0,1
196.0,83.0,63.0,0
190.0,83.0,63.0,0
190.0,90.0,63.0,0
213.0,106.0,62.0,1
193.0,83.0,64.0,0
190.0,83.0,63.0,0
188.0,86.0,63.0,0
213.0,95.0,64.0,1
211.0,106.0,65.0,1
198.0,88.0,62.0,0
201.0,97.0,63.0,1
211.0,108.0,63.0,1
206.0,99.0,63.0,1
213.0,115.0,62.0,1
206.0,106.0,64.0,1
208.0,106.0,63.0,1
206.0,97.0,63.0,1
201.0,99.0,63.0,1
190.0,83.0,63.0,0
206.0,97.0,65.0,1
211.0,108.0,71.0,1
198.0,95.0,65.0,1
196.0,83.0,63.0,0
203.0,95.0,63.0,1
193.0,90.0,63.0,0
196.0,77.0,64.0,0
185.0,77.0,63.0,0
201.0,95.0,64.0,1
198.0,95.0,63.0,1
206.0,102.0,63.0,1
206.0,104.0,63.0,1
211.0,108.0,65.0,1
190.0,88.0,63.0,0
190.0,88.0,63.0,0
208.0,99.0,65.0,1
188.0,79.0,72.0,0
188.0,79.0,64.0,0
183.0,86.0,64.0,0
190.0,83.0,63.0,0
190.0,79.0,63.0,0
201.0,99.0,64.0,1
178.0,73.0,62.0,0
188.0,79.0,63.0,0
213.0,113.0,61.0,1
216.0,114.0,63.0,2
231.0,90.0,63.0,2
213.0,106.0,62.0,1
203.0,99.0,62.0,1
201.0,102.0,62.0,1
190.0,86.0,63.0,0
203.0,104.0,62.0,1
198.0,95.0,63.0,1
213.0,106.0,67.0,1
208.0,108.0,64.0,1
190.0,86.0,62.0,0
213.0,108.0,63.0,1
203.0,106.0,65.0,1
203.0,106.0,65.0,1
203.0,97.0,66.0,1
203.0,97.0,66.0,1
203.0,92.0,67.0,1
196.0,88.0,62.0,0
211.0,104.0,66.0,1
198.0,92.0,65.0,1
198.0,92.0,65.0,1
203.0,108.0,63.0,1
211.0,111.0,68.0,1
193.0,83.0,62.0,0
211.0,115.0,63.0,1
213.0,113.0,62.0,1
208.0,97.0,63.0,1
206.0,113.0,62.0,1
201.0,92.0,63.0,1
206.0,96.0,63.0,1
198.0,83.0,62.0,0
201.0,92.0,62.0,1
203.0,95.0,63.0,1
201.0,95.0,64.0,1
190.0,81.0,64.0,0
188.0,83.0,67.0,0
198.0,90.0,62.0,0
203.0,102.0,62.0,1
193.0,81.0,64.0,0
206.0,88.0,62.0,1
190.0,88.0,62.0,0
213.0,113.0,63.0,1
203.0,90.0,63.0,1
196.0,88.0,66.0,0
206.0,97.0,62.0,1
201.0,85.0,63.0,0
213.0,113.0,63.0,1
203.0,99.0,63.0,1
208.0,99.0,62.0,1
208.0,102.0,63.0,1
206.0,108.0,61.0,1
188.0,80.0,63.0,0
216.0,115.0,62.0,2
188.0,83.0,62.0,0
168.0,60.0,62.0,0
213.0,111.0,62.0,1
198.0,83.0,62.0,0
201.0,86.0,60.0,0
203.0,90.0,63.0,1
201.0,97.0,61.0,1
203.0,98.0,62.0,1
213.0,102.0,62.0,1
203.0,97.0,61.0,1
203.0,106.0,64.0,1
201.0,83.0,62.0,0
206.0,116.0,62.0,1
206.0,106.0,64.0,1
193.0,86.0,61.0,0
213.0,111.0,60.0,1
188.0,74.0,62.0,0
190.0,88.0,61.0,0
216.0,113.0,63.0,2
213.0,124.0,61.0,2
211.0,106.0,63.0,1
203.0,102.0,61.0,1
196.0,92.0,62.0,0
198.0,83.0,61.0,0
203.0,95.0,60.0,1
193.0,88.0,61.0,0
201.0,88.0,62.0,1
190.0,86.0,62.0,0
190.0,83.0,61.0,0
201.0,86.0,61.0,0
203.0,99.0,81.0,1
198.0,88.0,63.0,0
208.0,111.0,61.0,1
206.0,106.0,61.0,1
206.0,99.0,61.0,1
208.0,104.0,65.0,1
206.0,99.0,63.0,1
198.0,90.0,61.0,0
201.0,90.0,62.0,1
196.0,88.0,61.0,0
211.0,106.0,63.0,1
198.0,81.0,62.0,0
201.0,86.0,62.0,0
188.0,77.0,62.0,0
203.0,99.0,61.0,1
196.0,81.0,62.0,0
201.0,95.0,62.0,1
183.0,77.0,61.0,0
201.0,95.0,64.0,1
208.0,102.0,62.0,1
196.0,90.0,63.0,0
211.0,104.0,61.0,1
213.0,95.0,63.0,1
196.0,79.0,64.0,0
185.0,81.0,61.0,0
198.0,95.0,61.0,1
190.0,77.0,60.0,0
196.0,95.0,61.0,1
211.0,104.0,61.0,1
201.0,88.0,62.0,1
180.0,72.0,61.0,0
203.0,95.0,61.0,1
211.0,102.0,60.0,1
188.0,86.0,61.0,0
188.0,83.0,74.0,0
196.0,83.0,62.0,0
211.0,102.0,63.0,1
196.0,95.0,62.0,1
211.0,99.0,63.0,1
188.0,83.0,61.0,0
208.0,104.0,61.0,1
206.0,104.0,60.0,1
198.0,95.0,59.0,1
193.0,77.0,60.0,0
160.0,61.0,60.0,0
203.0,95.0,64.0,1
206.0,92.0,61.0,1
201.0,105.0,60.0,1
180.0,77.0,60.0,0
188.0,81.0,75.0,0
193.0,86.0,61.0,0
208.0,102.0,60.0,1
196.0,95.0,60.0,1
188.0,77.0,61.0,0
206.0,104.0,61.0,1
208.0,97.0,60.0,1
196.0,88.0,61.0,0
211.0,106.0,61.0,1
196.0,90.0,60.0,0
178.0,74.0,65.0,0
185.0,81.0,60.0,0
201.0,97.0,76.0,1
206.0,99.0,60.0,1
203.0,108.0,63.0,1
193.0,95.0,61.0,0
198.0,90.0,62.0,0
201.0,88.0,60.0,0
211.0,104.0,61.0,1
206.0,92.0,59.0,1
201.0,83.0,60.0,0
206.0,97.0,61.0,1
213.0,117.0,63.0,1
196.0,102.0,61.0,1
206.0,99.0,62.0,1
218.0,117.0,60.0,2
203.0,97.0,61.0,1
203.0,95.0,60.0,1
211.0,99.0,61.0,1
198.0,104.0,61.0,1
203.0,96.0,62.0,1
206.0,99.0,60.0,1
190.0,77.0,60.0,0
208.0,117.0,67.0,1
180.0,72.0,60.0,0
196.0,83.0,62.0,0
193.0,97.0,61.0,0
193.0,88.0,61.0,0
213.0,111.0,61.0,1
185.0,83.0,66.0,0
203.0,90.0,60.0,1
188.0,77.0,60.0,0
201.0,86.0,61.0,0
203.0,90.0,61.0,1
196.0,90.0,69.0,0
203.0,102.0,61.0,1
211.0,104.0,61.0,1
208.0,104.0,61.0,1
203.0,99.0,60.0,1
180.0,83.0,59.0,0
201.0,86.0,58.0,0
203.0,92.0,61.0,1
198.0,86.0,62.0,0
180.0,74.0,60.0,0
206.0,111.0,60.0,1
211.0,108.0,59.0,1
208.0,104.0,61.0,1
193.0,83.0,58.0,0
201.0,88.0,58.0,0
198.0,88.0,62.0,0
198.0,88.0,62.0,0
196.0,97.0,59.0,1
196.0,99.0,59.0,1
190.0,86.0,60.0,0
203.0,111.0,59.0,2
216.0,108.0,61.0,1
201.0,94.0,60.0,1
201.0,92.0,61.0,1
190.0,88.0,60.0,0
188.0,83.0,59.0,0
213.0,106.0,60.0,1
203.0,99.0,60.0,1
198.0,97.0,61.0,1
190.0,83.0,60.0,0
203.0,88.0,60.0,0
198.0,104.0,58.0,1
196.0,90.0,60.0,0
208.0,108.0,61.0,1
190.0,86.0,59.0,0
216.0,111.0,59.0,2
178.0,79.0,60.0,0
201.0,79.0,59.0,0
206.0,95.0,59.0,1
190.0,79.0,60.0,0
201.0,88.0,59.0,0
198.0,104.0,59.0,1
211.0,111.0,59.0,1
211.0,120.0,59.0,2
180.0,74.0,62.0,0
206.0,102.0,59.0,1
203.0,102.0,59.0,1
198.0,97.0,60.0,1
208.0,104.0,59.0,1
193.0,81.0,60.0,0
201.0,92.0,59.0,1
203.0,95.0,59.0,1
190.0,86.0,59.0,0
196.0,74.0,61.0,0
208.0,102.0,62.0,1
213.0,108.0,60.0,1
206.0,90.0,60.0,1
208.0,99.0,61.0,1
188.0,77.0,61.0,0
196.0,97.0,60.0,1
208.0,117.0,59.0,2
183.0,77.0,60.0,0
196.0,81.0,61.0,0
203.0,113.0,64.0,1
211.0,104.0,60.0,1
208.0,102.0,59.0,1
211.0,106.0,61.0,1
198.0,86.0,59.0,0
185.0,79.0,61.0,0
208.0,104.0,60.0,1
224.0,113.0,59.0,2
190.0,81.0,60.0,0
188.0,79.0,59.0,0
196.0,90.0,85.0,1
211.0,97.0,60.0,1
193.0,79.0,60.0,0
201.0,106.0,60.0,1
188.0,81.0,62.0,0
193.0,83.0,59.0,0
188.0,82.0,80.0,0
206.0,102.0,61.0,1
198.0,92.0,57.0,0
201.0,102.0,58.0,1
201.0,102.0,58.0,1
180.0,73.0,58.0,0
198.0,95.0,61.0,1
201.0,95.0,60.0,1
183.0,81.0,58.0,0
201.0,97.0,57.0,1
203.0,99.0,60.0,1
198.0,95.0,58.0,1
206.0,113.0,61.0,1
198.0,97.0,59.0,1
203.0,120.0,59.0,2
198.0,86.0,60.0,0
206.0,102.0,58.0,1
185.0,77.0,58.0,0
216.0,110.0,57.0,2
183.0,81.0,59.0,0
206.0,95.0,59.0,1
193.0,90.0,60.0,0
213.0,102.0,70.0,1
203.0,92.0,57.0,1
206.0,95.0,58.0,1
203.0,90.0,62.0,1
170.0,63.0,59.0,0
190.0,81.0,59.0,0
206.0,97.0,58.0,1
183.0,79.0,59.0,0
206.0,99.0,58.0,1
203.0,104.0,58.0,1
196.0,86.0,59.0,0
193.0,86.0,58.0,0
188.0,92.0,59.0,0
203.0,95.0,59.0,1
208.0,104.0,56.0,1
180.0,69.0,59.0,0
211.0,104.0,58.0,1
206.0,102.0,58.0,1
188.0,81.0,59.0,0
193.0,90.0,59.0,0
216.0,113.0,58.0,2
190.0,77.0,60.0,0
193.0,92.0,58.0,0
198.0,86.0,59.0,0
196.0,90.0,61.0,0
196.0,88.0,58.0,0
201.0,113.0,59.0,2
198.0,110.0,61.0,2
203.0,108.0,58.0,1
198.0,92.0,58.0,0
193.0,86.0,61.0,0
208.0,102.0,61.0,1
198.0,95.0,62.0,1
193.0,88.0,58.0,0
190.0,81.0,58.0,0
201.0,95.0,58.0,1
206.0,97.0,59.0,1
203.0,88.0,59.0,0
196.0,88.0,61.0,0
203.0,106.0,59.0,1
203.0,106.0,59.0,1
201.0,97.0,58.0,1
185.0,81.0,59.0,0
206.0,99.0,65.0,1
216.0,106.0,60.0,1
211.0,115.0,58.0,2
203.0,95.0,59.0,1
188.0,81.0,63.0,0
203.0,102.0,59.0,1
188.0,90.0,62.0,0
208.0,102.0,60.0,1
190.0,86.0,58.0,0
203.0,99.0,59.0,1
188.0,88.0,87.0,0
206.0,108.0,60.0,1
208.0,98.0,61.0,1
198.0,90.0,58.0,0
203.0,108.0,58.0,1
188.0,82.0,80.0,0
188.0,81.0,59.0,0
208.0,108.0,57.0,1
188.0,83.0,83.0,0
201.0,89.0,58.0,0
213.0,108.0,57.0,1
203.0,95.0,57.0,1
193.0,86.0,59.0,0
203.0,97.0,57.0,1
185.0,72.0,57.0,0
198.0,99.0,57.0,0
208.0,97.0,58.0,1
203.0,95.0,57.0,1
198.0,81.0,59.0,0
211.0,97.0,57.0,1
213.0,108.0,57.0,1
198.0,86.0,56.0,0
198.0,96.0,60.0,1
208.0,104.0,58.0,1
185.0,81.0,57.0,0
206.0,92.0,58.0,1
201.0,97.0,58.0,1
196.0,95.0,62.0,1
196.0,95.0,62.0,1
208.0,104.0,59.0,1
211.0,108.0,57.0,1
196.0,86.0,57.0,0
196.0,88.0,57.0,0
196.0,100.0,58.0,1
208.0,113.0,58.0,1
213.0,106.0,65.0,1
190.0,86.0,58.0,0
180.0,80.0,57.0,0
206.0,92.0,57.0,1
206.0,108.0,57.0,1
196.0,86.0,58.0,0
203.0,99.0,60.0,1
213.0,107.0,58.0,1
211.0,104.0,58.0,1
193.0,86.0,59.0,0
185.0,79.0,58.0,0
190.0,86.0,58.0,0
203.0,92.0,57.0,1
203.0,108.0,58.0,1
206.0,99.0,58.0,1
188.0,86.0,57.0,0
208.0,104.0,58.0,1
206.0,102.0,58.0,1
208.0,107.0,56.0,1
208.0,113.0,57.0,1
218.0,108.0,58.0,2
193.0,95.0,57.0,0
201.0,92.0,60.0,1
216.0,97.0,57.0,1
193.0,81.0,57.0,0
190.0,81.0,58.0,0
190.0,81.0,57.0,0
188.0,88.0,59.0,0
206.0,113.0,58.0,1
216.0,117.0,57.0,2
203.0,103.0,57.0,1
201.0,95.0,57.0,1
201.0,95.0,57.0,1
213.0,120.0,57.0,2
203.0,102.0,59.0,1
198.0,95.0,59.0,1
206.0,104.0,57.0,1
218.0,117.0,61.0,2
206.0,108.0,57.0,1
188.0,79.0,64.0,0
208.0,104.0,57.0,1
201.0,95.0,57.0,1
196.0,95.0,59.0,1
190.0,83.0,78.0,0
190.0,83.0,78.0,0
206.0,120.0,56.0,2
183.0,76.0,55.0,0
183.0,79.0,58.0,0
203.0,92.0,57.0,1
208.0,115.0,56.0,2
196.0,86.0,57.0,0
203.0,99.0,57.0,1
180.0,81.0,55.0,0
198.0,90.0,56.0,0
190.0,81.0,56.0,0
203.0,99.0,60.0,1
185.0,74.0,56.0,0
208.0,104.0,57.0,1
208.0,101.0,57.0,1
208.0,124.0,61.0,2
183.0,83.0,57.0,0
196.0,97.0,56.0,0
211.0,104.0,56.0,1
206.0,106.0,56.0,1
211.0,108.0,58.0,1
208.0,95.0,85.0,1
201.0,104.0,56.0,1
208.0,99.0,58.0,1
198.0,90.0,58.0,0
196.0,95.0,55.0,0
206.0,97.0,59.0,1
213.0,104.0,56.0,1
198.0,92.0,58.0,0
183.0,81.0,60.0,0
178.0,79.0,57.0,0
218.0,117.0,56.0,2
196.0,90.0,61.0,0
218.0,120.0,56.0,2
196.0,88.0,57.0,0
196.0,83.0,56.0,0
190.0,79.0,57.0,0
190.0,83.0,57.0,0
193.0,90.0,60.0,0
185.0,86.0,57.0,0
218.0,111.0,59.0,2
196.0,92.0,56.0,0
203.0,99.0,56.0,1
201.0,102.0,56.0,1
188.0,81.0,56.0,0
183.0,68.0,56.0,0
196.0,95.0,56.0,0
203.0,106.0,58.0,1
213.0,129.0,55.0,2
188.0,86.0,105.0,0
203.0,97.0,67.0,1
201.0,90.0,56.0,0
203.0,99.0,57.0,1
203.0,99.0,57.0,1
193.0,86.0,57.0,0
188.0,77.0,58.0,0
193.0,79.0,56.0,0
190.0,79.0,56.0,0
193.0,83.0,57.0,0
203.0,111.0,58.0,2
206.0,97.0,59.0,1
206.0,99.0,55.0,1
206.0,106.0,56.0,1
193.0,88.0,56.0,0
183.0,79.0,56.0,0
198.0,113.0,55.0,2
201.0,97.0,59.0,1
196.0,90.0,56.0,0
201.0,101.0,55.0,1
198.0,90.0,55.0,0
185.0,83.0,56.0,0
203.0,106.0,56.0,1
185.0,83.0,56.0,0
208.0,124.0,60.0,2
201.0,92.0,58.0,1
196.0,83.0,55.0,0
198.0,85.0,55.0,0
190.0,77.0,55.0,0
201.0,95.0,58.0,1
203.0,108.0,55.0,1
213.0,110.0,56.0,2
185.0,83.0,55.0,0
208.0,108.0,56.0,1
208.0,115.0,56.0,2
206.0,99.0,55.0,1
196.0,113.0,56.0,2
206.0,102.0,55.0,1
198.0,99.0,55.0,0
170.0,72.0,57.0,0
201.0,95.0,55.0,1
208.0,99.0,57.0,1
206.0,104.0,55.0,1
211.0,106.0,56.0,1
201.0,99.0,55.0,1
208.0,106.0,55.0,1
203.0,113.0,56.0,2
185.0,78.0,55.0,0
206.0,127.0,55.0,2
196.0,95.0,54.0,0
203.0,103.0,56.0,1
208.0,108.0,55.0,1
201.0,102.0,54.0,1
193.0,90.0,58.0,0
216.0,147.0,53.0,2
188.0,74.0,56.0,0
190.0,86.0,56.0,0
193.0,94.0,56.0,0
185.0,74.0,57.0,0
208.0,111.0,59.0,1
208.0,113.0,56.0,1
203.0,86.0,55.0,0
208.0,104.0,60.0,1
208.0,108.0,55.0,1
198.0,95.0,61.0,1
213.0,122.0,56.0,2
196.0,86.0,55.0,0
196.0,88.0,62.0,0
196.0,94.0,55.0,0
198.0,88.0,58.0,0
198.0,108.0,55.0,1
206.0,115.0,55.0,2
211.0,113.0,55.0,2
188.0,86.0,55.0,0
206.0,90.0,56.0,1
193.0,88.0,102.0,0
178.0,83.0,55.0,0
201.0,108.0,56.0,1
211.0,105.0,54.0,1
206.0,108.0,56.0,1
229.0,106.0,53.0,2
229.0,106.0,53.0,2
203.0,117.0,54.0,2
201.0,98.0,54.0,1
188.0,77.0,79.0,0
190.0,83.0,56.0,0
201.0,94.0,54.0,1
196.0,95.0,57.0,0
206.0,97.0,57.0,1
190.0,81.0,70.0,0
188.0,86.0,54.0,0
190.0,92.0,55.0,0
208.0,108.0,55.0,1
203.0,97.0,54.0,1
201.0,99.0,54.0,1
196.0,90.0,55.0,0
185.0,86.0,54.0,0
208.0,115.0,56.0,2
201.0,92.0,60.0,1
185.0,81.0,58.0,0
193.0,78.0,55.0,0
206.0,101.0,58.0,1
208.0,102.0,57.0,1
213.0,118.0,56.0,2
201.0,88.0,54.0,0
196.0,86.0,55.0,0
211.0,102.0,55.0,1
211.0,113.0,55.0,2
201.0,86.0,58.0,0
198.0,90.0,54.0,0
188.0,77.0,55.0,0
183.0,74.0,54.0,0
190.0,83.0,55.0,0
201.0,99.0,55.0,1
188.0,92.0,59.0,0
203.0,113.0,55.0,2
180.0,77.0,55.0,0
193.0,88.0,57.0,0
206.0,106.0,55.0,1
203.0,97.0,56.0,1
208.0,87.0,57.0,1
203.0,98.0,55.0,1
206.0,112.0,55.0,2
193.0,90.0,56.0,0
213.0,113.0,56.0,2
203.0,108.0,53.0,1
196.0,79.0,54.0,0
198.0,97.0,55.0,0
208.0,106.0,56.0,1
231.0,137.0,54.0,2
203.0,95.0,54.0,1
208.0,122.0,55.0,2
208.0,117.0,56.0,2
211.0,102.0,58.0,1
196.0,97.0,54.0,0
213.0,111.0,55.0,2
198.0,95.0,70.0,1
201.0,106.0,54.0,1
201.0,102.0,55.0,1
211.0,117.0,54.0,2
211.0,113.0,55.0,2
211.0,113.0,55.0,2
193.0,86.0,55.0,0
206.0,111.0,52.0,2
216.0,113.0,55.0,2
183.0,86.0,55.0,0
183.0,76.0,54.0,0
206.0,99.0,54.0,1
218.0,122.0,54.0,2
211.0,102.0,53.0,1
183.0,77.0,57.0,0
188.0,76.0,60.0,0
183.0,77.0,55.0,0
183.0,86.0,57.0,0
201.0,97.0,55.0,1
190.0,88.0,58.0,0
206.0,99.0,53.0,1
213.0,120.0,53.0,2
198.0,86.0,53.0,0
188.0,80.0,53.0,0
211.0,106.0,56.0,1
206.0,115.0,53.0,2
201.0,92.0,54.0,0
193.0,86.0,56.0,0
203.0,102.0,53.0,1
203.0,92.0,58.0,1
206.0,108.0,52.0,1
196.0,90.0,54.0,0
208.0,102.0,69.0,1
193.0,92.0,52.0,0
211.0,111.0,59.0,1
193.0,86.0,53.0,0
206.0,98.0,52.0,1
180.0,77.0,54.0,0
216.0,108.0,53.0,2
196.0,94.0,53.0,0
206.0,102.0,54.0,1
198.0,95.0,54.0,0
211.0,106.0,55.0,1
213.0,122.0,54.0,2
201.0,88.0,54.0,0
201.0,107.0,52.0,1
206.0,111.0,55.0,2
208.0,115.0,54.0,2
198.0,88.0,54.0,0
193.0,82.0,53.0,0
201.0,97.0,55.0,1
190.0,86.0,58.0,0
190.0,90.0,53.0,0
201.0,102.0,52.0,1
211.0,99.0,54.0,2
203.0,95.0,52.0,1
211.0,111.0,53.0,2
185.0,83.0,55.0,0
206.0,112.0,53.0,2
201.0,97.0,55.0,1
206.0,95.0,55.0,1
196.0,104.0,54.0,1
213.0,111.0,55.0,2
193.0,87.0,55.0,0
203.0,99.0,56.0,1
203.0,99.0,56.0,1
193.0,86.0,54.0,0
188.0,86.0,55.0,0
201.0,86.0,53.0,0
203.0,102.0,54.0,1
203.0,116.0,51.0,2
211.0,117.0,52.0,2
185.0,83.0,52.0,0
193.0,83.0,52.0,0
208.0,122.0,55.0,2
203.0,104.0,54.0,1
198.0,83.0,54.0,0
185.0,86.0,54.0,0
198.0,106.0,52.0,1
180.0,82.0,53.0,0
185.0,83.0,53.0,0
196.0,88.0,52.0,0
203.0,104.0,55.0,1
203.0,109.0,52.0,1
203.0,115.0,52.0,2
196.0,93.0,51.0,0
188.0,85.0,53.0,0
198.0,88.0,53.0,0
213.0,120.0,55.0,2
213.0,114.0,54.0,2
216.0,117.0,55.0,2
196.0,90.0,55.0,0
208.0,104.0,52.0,2
178.0,68.0,52.0,0
190.0,89.0,56.0,0
201.0,97.0,52.0,1
201.0,95.0,53.0,1
211.0,108.0,49.0,1
185.0,82.0,54.0,0
218.0,149.0,50.0,2
203.0,102.0,58.0,1
206.0,106.0,53.0,1
193.0,92.0,53.0,0
201.0,95.0,55.0,1
185.0,83.0,53.0,0
188.0,79.0,84.0,0
193.0,92.0,52.0,0
208.0,106.0,56.0,1
196.0,95.0,50.0,0
211.0,114.0,55.0,2
206.0,98.0,52.0,1
196.0,96.0,54.0,0
193.0,81.0,53.0,0
206.0,99.0,51.0,1
208.0,116.0,53.0,2
196.0,83.0,53.0,0
213.0,113.0,55.0,2
180.0,79.0,53.0,0
203.0,100.0,53.0,1
218.0,127.0,52.0,2
196.0,95.0,52.0,0
208.0,102.0,52.0,2
213.0,124.0,52.0,2
203.0,113.0,52.0,2
190.0,83.0,52.0,0
185.0,88.0,53.0,0
201.0,99.0,53.0,1
206.0,108.0,57.0,1
221.0,126.0,61.0,2
213.0,106.0,81.0,1
190.0,86.0,52.0,0
198.0,98.0,51.0,0
178.0,77.0,52.0,0
196.0,90.0,52.0,0
206.0,115.0,52.0,2
206.0,104.0,53.0,1
203.0,113.0,51.0,2
203.0,97.0,54.0,1
211.0,99.0,73.0,1
208.0,102.0,51.0,2
203.0,105.0,54.0,1
206.0,108.0,53.0,1
203.0,99.0,53.0,1
188.0,86.0,55.0,0
213.0,113.0,52.0,2
206.0,102.0,49.0,2
203.0,99.0,60.0,1
198.0,94.0,52.0,0
193.0,83.0,55.0,0
201.0,83.0,54.0,0
208.0,120.0,57.0,2
190.0,83.0,51.0,0
198.0,96.0,47.0,0
211.0,99.0,51.0,2
208.0,120.0,56.0,2
211.0,120.0,50.0,2
206.0,108.0,53.0,1
193.0,88.0,57.0,0
185.0,85.0,51.0,0
188.0,89.0,58.0,0
196.0,97.0,52.0,0
203.0,99.0,52.0,1
206.0,115.0,51.0,2
185.0,90.0,51.0,0
193.0,81.0,67.0,0
208.0,102.0,59.0,1
188.0,84.0,52.0,0
201.0,108.0,53.0,1
201.0,106.0,56.0,1
201.0,99.0,52.0,1
213.0,111.0,52.0,2
206.0,106.0,51.0,1
183.0,80.0,53.0,0
183.0,81.0,55.0,0
206.0,99.0,51.0,1
183.0,74.0,50.0,0
196.0,81.0,51.0,0
213.0,106.0,51.0,1
224.0,147.0,52.0,2
193.0,94.0,50.0,0
211.0,129.0,52.0,2
190.0,87.0,54.0,0
188.0,81.0,48.0,0
208.0,104.0,51.0,2
211.0,106.0,52.0,1
193.0,86.0,51.0,0
206.0,106.0,51.0,1
190.0,88.0,51.0,0
190.0,94.0,53.0,0
190.0,86.0,56.0,0
185.0,79.0,52.0,0
211.0,102.0,47.0,1
206.0,101.0,53.0,1
208.0,127.0,50.0,2
196.0,90.0,51.0,0
201.0,106.0,54.0,1
201.0,113.0,51.0,2
213.0,104.0,55.0,1
201.0,102.0,51.0,1
208.0,113.0,54.0,2
198.0,81.0,53.0,0
208.0,113.0,53.0,2
201.0,90.0,56.0,0
201.0,102.0,55.0,1
201.0,95.0,52.0,1
190.0,95.0,52.0,0
211.0,104.0,57.0,1
193.0,86.0,70.0,0
206.0,108.0,49.0,1
206.0,108.0,51.0,1
203.0,102.0,51.0,0
178.0,72.0,56.0,0
206.0,93.0,52.0,1
188.0,92.0,80.0,0
198.0,101.0,51.0,1
196.0,87.0,51.0,0
213.0,112.0,50.0,2
196.0,86.0,52.0,0
211.0,104.0,49.0,1
190.0,91.0,49.0,0
206.0,99.0,52.0,1
198.0,102.0,51.0,1
193.0,86.0,53.0,0
211.0,115.0,51.0,2
221.0,96.0,49.0,2
193.0,88.0,52.0,0
201.0,90.0,101.0,1
206.0,106.0,50.0,1
206.0,106.0,50.0,1
211.0,113.0,51.0,2
193.0,88.0,50.0,0
211.0,113.0,49.0,2
206.0,110.0,55.0,2
201.0,117.0,49.0,2
208.0,113.0,50.0,2
206.0,104.0,55.0,1
178.0,70.0,50.0,0
188.0,83.0,51.0,0
190.0,95.0,50.0,0
206.0,104.0,51.0,1
203.0,88.0,57.0,0
206.0,111.0,51.0,2
185.0,77.0,49.0,0
221.0,107.0,50.0,2
185.0,83.0,52.0,0
196.0,97.0,93.0,1
203.0,99.0,50.0,0
178.0,78.0,50.0,0
188.0,95.0,52.0,0
211.0,108.0,51.0,1
208.0,105.0,56.0,1
203.0,95.0,46.0,0
201.0,95.0,49.0,0
198.0,106.0,48.0,1
201.0,102.0,52.0,1
196.0,94.0,50.0,0
193.0,88.0,53.0,0
198.0,97.0,50.0,0
211.0,120.0,50.0,2
208.0,106.0,53.0,1
198.0,102.0,52.0,1
196.0,95.0,50.0,0
183.0,76.0,49.0,0
203.0,108.0,52.0,1
208.0,104.0,50.0,2
213.0,119.0,54.0,2
206.0,99.0,51.0,1
206.0,117.0,49.0,2
198.0,92.0,77.0,0
208.0,104.0,48.0,2
208.0,104.0,48.0,2
185.0,86.0,50.0,0
193.0,86.0,51.0,0
196.0,104.0,51.0,1
183.0,74.0,52.0,0
198.0,90.0,77.0,0
198.0,97.0,50.0,0
198.0,97.0,56.0,0
208.0,117.0,52.0,2
198.0,96.0,50.0,0
185.0,79.0,56.0,0
198.0,90.0,47.0,0
185.0,86.0,47.0,0
165.0,61.0,49.0,0
198.0,86.0,90.0,1
190.0,95.0,50.0,0
198.0,99.0,48.0,0
211.0,99.0,50.0,2
206.0,106.0,54.0,1
198.0,88.0,46.0,0
196.0,86.0,50.0,0
211.0,118.0,48.0,2
188.0,83.0,51.0,0
188.0,84.0,50.0,0
206.0,107.0,49.0,1
213.0,111.0,51.0,2
201.0,104.0,49.0,2
206.0,104.0,45.0,2
206.0,104.0,45.0,2
196.0,83.0,46.0,0
188.0,86.0,63.0,0
193.0,97.0,50.0,0
213.0,136.0,50.0,2
203.0,101.0,49.0,0
190.0,83.0,49.0,0
211.0,111.0,51.0,2
183.0,79.0,97.0,0
211.0,108.0,49.0,1
198.0,90.0,62.0,0
196.0,90.0,51.0,0
183.0,79.0,48.0,0
208.0,113.0,50.0,2
201.0,90.0,50.0,0
208.0,111.0,48.0,2
203.0,100.0,50.0,0
211.0,110.0,49.0,2
193.0,86.0,50.0,0
208.0,100.0,48.0,2
211.0,102.0,50.0,1
203.0,111.0,52.0,2
198.0,102.0,49.0,1
213.0,112.0,49.0,2
213.0,111.0,47.0,2
213.0,122.0,50.0,2
206.0,107.0,50.0,1
196.0,101.0,50.0,1
201.0,106.0,48.0,2
211.0,117.0,50.0,2
190.0,86.0,51.0,0
190.0,91.0,50.0,0
193.0,106.0,51.0,1
206.0,115.0,49.0,2
211.0,97.0,50.0,2
213.0,107.0,49.0,1
206.0,99.0,48.0,2
218.0,99.0,45.0,2
203.0,128.0,48.0,2
196.0,95.0,49.0,0
178.0,74.0,50.0,0
206.0,131.0,49.0,2
206.0,108.0,57.0,1
185.0,91.0,50.0,0
213.0,124.0,51.0,2
201.0,96.0,47.0,0
188.0,77.0,49.0,0
180.0,72.0,51.0,0
188.0,89.0,46.0,0
211.0,91.0,44.0,2
211.0,104.0,49.0,1
203.0,99.0,53.0,1
208.0,111.0,48.0,2
201.0,97.0,50.0,0
196.0,88.0,52.0,0
196.0,88.0,52.0,0
203.0,124.0,46.0,2
193.0,95.0,49.0,0
196.0,85.0,48.0,0
185.0,86.0,50.0,0
193.0,80.0,48.0,0
190.0,83.0,49.0,0
190.0,94.0,46.0,0
193.0,83.0,50.0,0
206.0,122.0,50.0,2
211.0,115.0,50.0,2
211.0,107.0,48.0,1
190.0,88.0,48.0,0
203.0,99.0,48.0,0
196.0,103.0,47.0,2
196.0,98.0,51.0,0
198.0,83.0,47.0,0
188.0,89.0,50.0,0
203.0,100.0,49.0,0
196.0,97.0,63.0,1
193.0,92.0,49.0,0
201.0,96.0,49.0,0
203.0,117.0,49.0,2
193.0,83.0,71.0,0
203.0,98.0,46.0,0
206.0,125.0,48.0,2
190.0,89.0,49.0,0
201.0,97.0,48.0,0
213.0,127.0,49.0,2
198.0,98.0,46.0,0
201.0,99.0,47.0,0
206.0,102.0,54.0,1
188.0,79.0,50.0,0
208.0,99.0,46.0,2
206.0,108.0,49.0,1
190.0,88.0,47.0,0
203.0,97.0,48.0,0
196.0,92.0,48.0,0
221.0,113.0,49.0,2
196.0,86.0,49.0,0
203.0,95.0,49.0,0
206.0,111.0,48.0,2
198.0,95.0,76.0,1
188.0,83.0,48.0,0
198.0,97.0,52.0,0
201.0,118.0,48.0,2
206.0,107.0,49.0,1
188.0,86.0,49.0,0
190.0,81.0,51.0,0
190.0,81.0,51.0,0
213.0,99.0,49.0,2
185.0,83.0,52.0,0
216.0,115.0,45.0,2
185.0,80.0,47.0,0
196.0,92.0,49.0,0
213.0,104.0,50.0,1
203.0,111.0,48.0,2
188.0,92.0,48.0,0
193.0,88.0,52.0,0
183.0,79.0,50.0,0
196.0,90.0,45.0,0
190.0,88.0,45.0,0
178.0,90.0,46.0,0
206.0,118.0,47.0,2
206.0,111.0,52.0,2
183.0,86.0,47.0,0
208.0,99.0,49.0,2
208.0,99.0,49.0,2
211.0,113.0,50.0,2
190.0,83.0,47.0,0
203.0,99.0,45.0,0
185.0,81.0,47.0,0
185.0,81.0,60.0,0
190.0,83.0,55.0,0
193.0,83.0,71.0,0
218.0,142.0,52.0,2
211.0,99.0,48.0,2
206.0,113.0,53.0,2
206.0,108.0,49.0,1
211.0,117.0,47.0,2
206.0,106.0,48.0,1
201.0,101.0,48.0,0
213.0,122.0,48.0,2
193.0,95.0,47.0,0
208.0,113.0,46.0,2
213.0,120.0,46.0,2
206.0,95.0,44.0,2
203.0,98.0,45.0,0
208.0,106.0,47.0,2
211.0,112.0,49.0,2
203.0,111.0,52.0,2
206.0,107.0,50.0,1
203.0,108.0,49.0,1
201.0,99.0,50.0,1
208.0,108.0,44.0,2
206.0,100.0,48.0,2
190.0,83.0,51.0,0
201.0,98.0,48.0,0
201.0,98.0,47.0,0
196.0,97.0,47.0,0
216.0,115.0,46.0,2
198.0,99.0,46.0,0
198.0,101.0,45.0,0
201.0,97.0,49.0,0
198.0,95.0,70.0,1
213.0,104.0,47.0,1
193.0,88.0,48.0,0
216.0,116.0,49.0,2
211.0,113.0,48.0,2
208.0,102.0,60.0,1
196.0,95.0,44.0,0
206.0,102.0,46.0,2
208.0,117.0,52.0,2
218.0,129.0,46.0,2
208.0,99.0,46.0,2
196.0,90.0,52.0,0
211.0,111.0,48.0,2
208.0,122.0,52.0,2
213.0,115.0,48.0,2
208.0,115.0,47.0,2
208.0,111.0,47.0,2
190.0,86.0,43.0,0
196.0,85.0,45.0,0
188.0,91.0,46.0,0
211.0,131.0,50.0,2
203.0,99.0,47.0,0
190.0,90.0,46.0,0
213.0,116.0,47.0,2
208.0,111.0,46.0,2
193.0,83.0,45.0,0
218.0,114.0,46.0,2
188.0,79.0,102.0,0
213.0,110.0,46.0,2
201.0,100.0,44.0,0
211.0,122.0,43.0,2
188.0,85.0,46.0,0
216.0,108.0,43.0,2
180.0,75.0,47.0,0
193.0,88.0,52.0,0
193.0,88.0,52.0,0
183.0,83.0,46.0,0
213.0,133.0,43.0,2
211.0,115.0,44.0,2
213.0,136.0,43.0,2
211.0,122.0,50.0,2
196.0,99.0,47.0,0
193.0,95.0,50.0,0
185.0,86.0,54.0,0
193.0,87.0,44.0,0
208.0,99.0,44.0,2
203.0,99.0,49.0,0
213.0,113.0,45.0,2
208.0,99.0,43.0,2
203.0,99.0,47.0,0
196.0,90.0,46.0,0
206.0,109.0,46.0,2
213.0,121.0,46.0,2
213.0,99.0,44.0,2
188.0,85.0,50.0,0
201.0,105.0,45.0,2
201.0,90.0,78.0,0
211.0,120.0,47.0,2
206.0,99.0,44.0,2
206.0,100.0,46.0,2
211.0,111.0,45.0,2
180.0,81.0,47.0,0
188.0,83.0,43.0,0
208.0,102.0,45.0,2
206.0,117.0,44.0,2
213.0,116.0,53.0,2
198.0,99.0,44.0,0
196.0,86.0,46.0,0
198.0,90.0,46.0,0
188.0,84.0,44.0,0
206.0,109.0,47.0,2
206.0,102.0,49.0,2
201.0,95.0,45.0,0
208.0,106.0,45.0,2
185.0,83.0,47.0,0
206.0,116.0,47.0,2
190.0,88.0,47.0,0
198.0,95.0,49.0,0
193.0,90.0,46.0,0
216.0,117.0,46.0,2
201.0,97.0,43.0,0
185.0,88.0,46.0,0
203.0,95.0,66.0,1
216.0,111.0,47.0,2
211.0,113.0,45.0,2
206.0,97.0,50.0,1
203.0,102.0,48.0,0
203.0,117.0,46.0,2
206.0,117.0,44.0,2
206.0,117.0,44.0,2
185.0,72.0,57.0,0
211.0,113.0,52.0,2
201.0,103.0,45.0,0
201.0,97.0,46.0,0
183.0,86.0,47.0,0
190.0,74.0,47.0,0
208.0,117.0,47.0,2
203.0,111.0,45.0,2
211.0,108.0,47.0,1
198.0,92.0,48.0,0
198.0,95.0,48.0,0
208.0,113.0,44.0,2
208.0,104.0,45.0,2
196.0,90.0,45.0,0
193.0,81.0,45.0,0
201.0,99.0,52.0,1
211.0,113.0,43.0,2
216.0,111.0,50.0,2
203.0,106.0,46.0,2
198.0,97.0,44.0,0
201.0,89.0,47.0,0
203.0,102.0,45.0,0
211.0,104.0,44.0,2
193.0,95.0,46.0,0
201.0,102.0,46.0,0
193.0,86.0,44.0,0
196.0,90.0,45.0,0
229.0,140.0,45.0,2
193.0,86.0,46.0,0
206.0,100.0,45.0,2
211.0,112.0,46.0,2
201.0,111.0,46.0,2
185.0,79.0,46.0,0
193.0,86.0,44.0,0
206.0,96.0,45.0,2
190.0,83.0,47.0,0
211.0,113.0,49.0,2
201.0,95.0,54.0,1
211.0,120.0,48.0,2
198.0,97.0,45.0,0
201.0,95.0,46.0,0
211.0,106.0,42.0,2
198.0,102.0,49.0,1
208.0,104.0,48.0,2
203.0,97.0,45.0,0
208.0,111.0,43.0,2
218.0,108.0,46.0,2
213.0,102.0,42.0,2
183.0,77.0,103.0,0
201.0,94.0,45.0,0
208.0,100.0,43.0,2
178.0,83.0,46.0,0
193.0,86.0,69.0,0
206.0,108.0,57.0,1
203.0,100.0,44.0,0
201.0,95.0,44.0,0
203.0,108.0,41.0,2
188.0,90.0,44.0,0
190.0,87.0,43.0,0
203.0,95.0,73.0,1
208.0,107.0,45.0,2
185.0,81.0,45.0,0
190.0,78.0,45.0,0
196.0,97.0,45.0,0
213.0,108.0,45.0,2
211.0,106.0,41.0,2
203.0,111.0,49.0,2
211.0,106.0,44.0,2
198.0,96.0,45.0,0
196.0,95.0,49.0,0
206.0,106.0,45.0,1
185.0,86.0,43.0,0
198.0,90.0,44.0,0
188.0,77.0,70.0,0
203.0,113.0,43.0,2
203.0,97.0,47.0,0
201.0,94.0,44.0,0
206.0,90.0,41.0,0
213.0,106.0,49.0,1
201.0,92.0,48.0,0
201.0,92.0,48.0,0
196.0,95.0,48.0,0
206.0,108.0,44.0,2
198.0,92.0,44.0,0
190.0,99.0,45.0,0
193.0,90.0,44.0,0
208.0,108.0,52.0,1
198.0,92.0,47.0,0
203.0,106.0,45.0,2
201.0,99.0,44.0,0
193.0,86.0,44.0,0
201.0,95.0,45.0,0
201.0,117.0,45.0,2
203.0,113.0,41.0,2
208.0,95.0,46.0,2
203.0,92.0,45.0,0
190.0,83.0,49.0,0
190.0,81.0,76.0,0
213.0,120.0,43.0,2
203.0,96.0,44.0,0
201.0,96.0,44.0,0
211.0,124.0,40.0,2
185.0,77.0,45.0,0
188.0,85.0,46.0,0
213.0,113.0,40.0,2
206.0,95.0,41.0,2
211.0,122.0,41.0,2
211.0,122.0,41.0,2
201.0,111.0,44.0,2
196.0,99.0,45.0,0
208.0,122.0,41.0,2
198.0,97.0,43.0,0
201.0,88.0,43.0,0
188.0,79.0,44.0,0
203.0,102.0,45.0,0
206.0,112.0,47.0,2
203.0,124.0,43.0,2
198.0,97.0,48.0,0
226.0,124.0,42.0,2
193.0,99.0,43.0,0
203.0,106.0,45.0,2
206.0,113.0,45.0,2
203.0,102.0,54.0,1
193.0,96.0,43.0,0
211.0,127.0,45.0,2
203.0,97.0,40.0,0
185.0,79.0,46.0,0
178.0,78.0,43.0,0
211.0,108.0,39.0,2
193.0,86.0,46.0,0
208.0,106.0,45.0,2
185.0,90.0,45.0,0
208.0,113.0,40.0,2
190.0,81.0,49.0,0
183.0,81.0,45.0,0
203.0,95.0,42.0,0
208.0,115.0,45.0,2
203.0,97.0,43.0,0
198.0,104.0,43.0,2
206.0,99.0,40.0,2
185.0,83.0,43.0,0
206.0,124.0,46.0,2
213.0,124.0,44.0,2
196.0,104.0,43.0,2
188.0,90.0,44.0,0
208.0,108.0,44.0,2
190.0,90.0,42.0,0
190.0,87.0,42.0,0
213.0,127.0,43.0,2
211.0,120.0,40.0,2
206.0,106.0,40.0,2
198.0,97.0,41.0,0
198.0,97.0,41.0,0
190.0,90.0,44.0,0
208.0,131.0,40.0,2
185.0,81.0,51.0,0
216.0,117.0,45.0,2
206.0,95.0,43.0,2
178.0,78.0,50.0,0
213.0,108.0,42.0,2
198.0,90.0,51.0,0
201.0,87.0,40.0,0
206.0,106.0,48.0,1
183.0,86.0,43.0,0
201.0,102.0,46.0,0
208.0,114.0,43.0,2
226.0,117.0,40.0,2
226.0,117.0,40.0,2
203.0,108.0,43.0,2
211.0,115.0,43.0,2
198.0,95.0,45.0,0
198.0,88.0,44.0,0
221.0,138.0,40.0,2
188.0,86.0,105.0,0
188.0,86.0,105.0,0
213.0,106.0,81.0,1
198.0,102.0,42.0,0
208.0,113.0,44.0,2
198.0,100.0,48.0,0
213.0,111.0,40.0,2
175.0,74.0,45.0,0
183.0,74.0,40.0,0
193.0,94.0,50.0,0
198.0,97.0,52.0,0
190.0,92.0,43.0,0
208.0,123.0,43.0,2
208.0,99.0,44.0,2
201.0,88.0,41.0,0
193.0,81.0,42.0,0
208.0,99.0,65.0,1
206.0,92.0,40.0,0
196.0,83.0,42.0,0
198.0,99.0,43.0,0
218.0,108.0,39.0,2
213.0,113.0,44.0,2
196.0,97.0,42.0,0
203.0,113.0,40.0,2
208.0,122.0,42.0,2
211.0,106.0,39.0,2
213.0,117.0,41.0,2
190.0,92.0,46.0,0
213.0,129.0,38.0,2
183.0,83.0,42.0,0
190.0,90.0,44.0,0
185.0,79.0,43.0,0
203.0,113.0,42.0,2
190.0,83.0,40.0,0
190.0,83.0,42.0,0
206.0,102.0,44.0,2
185.0,92.0,41.0,0
190.0,85.0,43.0,0
201.0,95.0,53.0,1
211.0,115.0,42.0,2
206.0,113.0,43.0,2
201.0,88.0,44.0,0
201.0,113.0,43.0,2
201.0,102.0,43.0,0
198.0,97.0,43.0,0
206.0,100.0,42.0,2
201.0,95.0,43.0,0
201.0,92.0,39.0,0
193.0,94.0,43.0,0
190.0,81.0,46.0,0
198.0,108.0,42.0,2
190.0,83.0,43.0,0
201.0,95.0,42.0,0
206.0,102.0,46.0,2
190.0,90.0,42.0,0
193.0,88.0,49.0,0
206.0,108.0,38.0,2
208.0,95.0,73.0,1
203.0,111.0,40.0,2
206.0,92.0,38.0,0
201.0,102.0,83.0,1
193.0,97.0,45.0,0
206.0,86.0,43.0,0
201.0,117.0,42.0,2
206.0,120.0,41.0,2
193.0,93.0,41.0,0
185.0,79.0,42.0,0
185.0,79.0,42.0,0
203.0,99.0,42.0,0
213.0,89.0,48.0,2
208.0,111.0,50.0,2
193.0,90.0,45.0,0
183.0,79.0,40.0,0
213.0,112.0,39.0,2
206.0,102.0,42.0,2
188.0,86.0,42.0,0
208.0,108.0,42.0,2
196.0,83.0,70.0,0
206.0,108.0,43.0,2
175.0,81.0,41.0,0
196.0,95.0,44.0,0
193.0,83.0,47.0,0
216.0,115.0,43.0,2
206.0,115.0,42.0,2
203.0,97.0,44.0,0
185.0,81.0,43.0,0
208.0,117.0,40.0,2
198.0,81.0,43.0,0
201.0,88.0,42.0,0
208.0,112.0,42.0,2
211.0,105.0,41.0,2
196.0,95.0,40.0,0
198.0,92.0,43.0,0
206.0,99.0,43.0,2
216.0,102.0,73.0,1
208.0,117.0,43.0,2
190.0,90.0,41.0,0
206.0,90.0,56.0,1
185.0,89.0,43.0,0
201.0,95.0,41.0,0
211.0,102.0,63.0,1
190.0,88.0,44.0,0
193.0,99.0,41.0,0
196.0,91.0,41.0,0
211.0,117.0,40.0,2
206.0,99.0,43.0,2
211.0,106.0,41.0,2
208.0,106.0,41.0,2
196.0,99.0,42.0,0
203.0,94.0,41.0,0
203.0,94.0,41.0,0
213.0,111.0,40.0,2
183.0,92.0,42.0,0
208.0,107.0,41.0,2
198.0,93.0,42.0,0
193.0,81.0,70.0,0
206.0,111.0,44.0,2
193.0,92.0,40.0,0
201.0,92.0,41.0,0
198.0,99.0,41.0,0
188.0,88.0,43.0,0
211.0,122.0,41.0,2
201.0,102.0,43.0,0
190.0,79.0,41.0,0
188.0,81.0,39.0,0
196.0,99.0,44.0,0
193.0,96.0,42.0,0
206.0,111.0,48.0,2
203.0,104.0,39.0,2
201.0,97.0,42.0,0
188.0,86.0,39.0,0
216.0,127.0,44.0,2
188.0,79.0,46.0,0
203.0,104.0,41.0,2
206.0,102.0,46.0,2
188.0,83.0,41.0,0
213.0,108.0,41.0,2
216.0,104.0,41.0,2
208.0,106.0,38.0,2
206.0,108.0,42.0,2
208.0,104.0,41.0,2
198.0,83.0,41.0,0
208.0,129.0,42.0,2
183.0,92.0,39.0,0
201.0,90.0,43.0,0
208.0,102.0,40.0,2
196.0,87.0,41.0,0
203.0,108.0,43.0,2
206.0,108.0,42.0,2
203.0,111.0,40.0,2
208.0,120.0,39.0,2
203.0,92.0,41.0,0
198.0,104.0,41.0,2
208.0,102.0,42.0,2
213.0,117.0,39.0,2
208.0,111.0,42.0,2
203.0,108.0,41.0,2
198.0,106.0,42.0,2
188.0,83.0,42.0,0
188.0,86.0,41.0,0
188.0,86.0,41.0,0
198.0,83.0,41.0,0
190.0,79.0,39.0,0
185.0,84.0,39.0,0
198.0,97.0,41.0,0
201.0,99.0,41.0,0
201.0,99.0,41.0,0
206.0,106.0,39.0,2
208.0,107.0,42.0,2
201.0,113.0,42.0,2
201.0,90.0,56.0,0
193.0,88.0,43.0,0
206.0,97.0,39.0,0
206.0,97.0,39.0,0
206.0,97.0,39.0,0
206.0,131.0,49.0,2
208.0,102.0,41.0,2
185.0,89.0,43.0,0
185.0,91.0,50.0,0
185.0,91.0,50.0,0
196.0,95.0,40.0,0
188.0,86.0,41.0,0
211.0,113.0,44.0,2
198.0,102.0,40.0,0
206.0,111.0,43.0,2
196.0,95.0,39.0,0
206.0,84.0,39.0,0
183.0,73.0,40.0,0
203.0,102.0,38.0,2
185.0,79.0,38.0,0
190.0,83.0,67.0,0
196.0,90.0,38.0,0
208.0,104.0,41.0,2
206.0,131.0,39.0,2
188.0,87.0,40.0,0
201.0,102.0,40.0,2
206.0,108.0,37.0,2
211.0,106.0,40.0,2
216.0,130.0,39.0,2
196.0,102.0,40.0,0
211.0,108.0,41.0,2
213.0,122.0,41.0,2
196.0,88.0,84.0,1
183.0,80.0,39.0,0
198.0,108.0,42.0,2
216.0,111.0,37.0,2
208.0,111.0,39.0,2
213.0,108.0,38.0,2
196.0,97.0,42.0,0
206.0,112.0,42.0,2
193.0,97.0,42.0,0
203.0,97.0,43.0,0
190.0,88.0,40.0,0
211.0,113.0,39.0,2
206.0,99.0,40.0,2
208.0,108.0,38.0,2
203.0,92.0,45.0,0
203.0,92.0,45.0,0
203.0,97.0,41.0,0
211.0,104.0,40.0,2
213.0,105.0,40.0,2
218.0,108.0,40.0,2
201.0,97.0,44.0,0
193.0,77.0,39.0,0
206.0,122.0,41.0,2
216.0,111.0,41.0,2
206.0,108.0,45.0,2
190.0,86.0,39.0,0
208.0,111.0,42.0,2
211.0,113.0,48.0,2
211.0,113.0,48.0,2
196.0,95.0,39.0,0
203.0,99.0,42.0,0
203.0,86.0,82.0,0
188.0,88.0,40.0,0
211.0,117.0,41.0,2
211.0,117.0,41.0,2
208.0,104.0,65.0,1
208.0,106.0,39.0,2
211.0,102.0,63.0,1
203.0,102.0,38.0,2
201.0,95.0,40.0,0
203.0,100.0,37.0,2
218.0,112.0,37.0,2
203.0,104.0,39.0,2
208.0,108.0,37.0,2
206.0,106.0,37.0,2
206.0,106.0,37.0,2
203.0,90.0,37.0,0
190.0,90.0,37.0,0
206.0,106.0,36.0,2
193.0,92.0,102.0,1
188.0,86.0,39.0,0
196.0,95.0,39.0,0
203.0,121.0,42.0,2
201.0,90.0,38.0,0
190.0,86.0,39.0,0
198.0,83.0,40.0,0
208.0,102.0,37.0,2
216.0,115.0,40.0,2
216.0,115.0,40.0,2
193.0,97.0,37.0,0
211.0,102.0,37.0,2
218.0,115.0,40.0,2
198.0,99.0,38.0,0
218.0,122.0,39.0,2
218.0,122.0,39.0,2
190.0,85.0,39.0,0
213.0,112.0,40.0,2
203.0,102.0,39.0,2
206.0,114.0,40.0,2
208.0,127.0,39.0,2
196.0,88.0,42.0,0
196.0,98.0,41.0,0
211.0,120.0,37.0,2
213.0,120.0,36.0,2
206.0,105.0,40.0,2
196.0,90.0,40.0,0
213.0,124.0,37.0,2
213.0,115.0,37.0,2
208.0,113.0,37.0,2
201.0,99.0,41.0,0
201.0,99.0,41.0,0
201.0,99.0,41.0,0
213.0,122.0,37.0,2
196.0,95.0,40.0,0
193.0,90.0,40.0,0
213.0,113.0,37.0,2
208.0,92.0,36.0,0
190.0,86.0,37.0,0
198.0,99.0,40.0,0
206.0,111.0,39.0,2
183.0,83.0,40.0,0
208.0,115.0,38.0,2
188.0,74.0,39.0,0
185.0,83.0,79.0,0
203.0,108.0,40.0,2
196.0,83.0,41.0,0
196.0,83.0,41.0,0
198.0,91.0,39.0,0
198.0,92.0,39.0,0
190.0,90.0,37.0,0
190.0,90.0,37.0,0
206.0,108.0,57.0,1
206.0,92.0,40.0,0
208.0,104.0,82.0,1
188.0,83.0,80.0,0
188.0,83.0,80.0,0
183.0,77.0,37.0,0
201.0,122.0,36.0,2
201.0,115.0,38.0,2
185.0,72.0,57.0,0
201.0,94.0,37.0,0
203.0,97.0,39.0,0
206.0,102.0,37.0,2
208.0,102.0,37.0,2
183.0,79.0,38.0,0
203.0,104.0,38.0,2
190.0,86.0,39.0,0
190.0,86.0,37.0,0
211.0,99.0,37.0,2
201.0,100.0,36.0,0
188.0,88.0,39.0,0
193.0,90.0,38.0,0
198.0,99.0,36.0,0
183.0,83.0,36.0,0
185.0,83.0,39.0,0
198.0,102.0,38.0,0
206.0,102.0,40.0,2
206.0,83.0,40.0,0
206.0,100.0,68.0,1
201.0,107.0,39.0,2
206.0,113.0,40.0,2
196.0,99.0,36.0,0
208.0,106.0,38.0,2
193.0,92.0,35.0,0
190.0,86.0,41.0,0
211.0,108.0,41.0,2
208.0,106.0,36.0,2
190.0,86.0,39.0,0
196.0,90.0,40.0,0
185.0,77.0,36.0,0
208.0,104.0,38.0,2
206.0,113.0,38.0,2
188.0,86.0,41.0,0
201.0,104.0,40.0,2
180.0,88.0,38.0,0
185.0,77.0,66.0,0
190.0,79.0,38.0,0
193.0,95.0,38.0,0
203.0,111.0,40.0,2
213.0,124.0,36.0,2
213.0,124.0,36.0,2
203.0,104.0,37.0,2
193.0,79.0,65.0,0
188.0,84.0,37.0,0
198.0,88.0,39.0,0
221.0,119.0,38.0,2
193.0,92.0,38.0,0
198.0,99.0,38.0,0
198.0,99.0,40.0,0
201.0,111.0,39.0,2
216.0,113.0,37.0,2
211.0,113.0,37.0,2
206.0,99.0,35.0,0
198.0,96.0,36.0,0
213.0,115.0,39.0,2
206.0,102.0,36.0,2
185.0,86.0,36.0,0
203.0,103.0,38.0,2
208.0,104.0,38.0,2
188.0,81.0,35.0,0
206.0,124.0,37.0,2
180.0,92.0,38.0,0
211.0,111.0,39.0,2
211.0,122.0,35.0,2
196.0,95.0,39.0,0
208.0,108.0,36.0,2
190.0,86.0,41.0,0
206.0,97.0,36.0,0
213.0,108.0,39.0,2
206.0,90.0,38.0,0
213.0,108.0,63.0,1
196.0,95.0,36.0,0
208.0,120.0,34.0,2
201.0,95.0,37.0,0
201.0,99.0,40.0,0
206.0,99.0,35.0,0
208.0,113.0,36.0,2
203.0,111.0,37.0,2
196.0,83.0,36.0,0
203.0,102.0,35.0,2
198.0,102.0,39.0,0
198.0,99.0,34.0,0
201.0,102.0,38.0,2
180.0,79.0,42.0,0
196.0,107.0,105.0,1
183.0,77.0,76.0,0
201.0,97.0,38.0,0
203.0,99.0,50.0,0
206.0,106.0,37.0,2
190.0,90.0,37.0,0
211.0,120.0,35.0,2
216.0,124.0,39.0,2
213.0,106.0,38.0,2
193.0,95.0,41.0,0
201.0,95.0,42.0,0
206.0,104.0,36.0,2
211.0,139.0,39.0,2
211.0,139.0,37.0,2
201.0,99.0,37.0,0
193.0,86.0,39.0,0
206.0,117.0,36.0,2
211.0,106.0,37.0,2
206.0,129.0,36.0,2
190.0,86.0,41.0,0
211.0,138.0,39.0,2
183.0,79.0,37.0,0
211.0,111.0,40.0,2
196.0,104.0,35.0,0
201.0,102.0,37.0,2
201.0,99.0,37.0,0
208.0,108.0,38.0,2
190.0,92.0,37.0,0
198.0,98.0,38.0,0
193.0,88.0,35.0,0
193.0,92.0,36.0,0
213.0,120.0,36.0,2
206.0,117.0,36.0,2
208.0,113.0,40.0,2
208.0,106.0,71.0,1
206.0,115.0,33.0,2
196.0,90.0,36.0,0
198.0,97.0,34.0,0
201.0,99.0,36.0,0
201.0,99.0,41.0,0
188.0,79.0,37.0,0
206.0,113.0,41.0,2
180.0,83.0,40.0,0
190.0,81.0,38.0,0
203.0,103.0,36.0,2
213.0,120.0,38.0,2
180.0,83.0,37.0,0
188.0,88.0,36.0,0
211.0,99.0,39.0,2
190.0,90.0,37.0,0
178.0,72.0,77.0,0
208.0,102.0,36.0,2
208.0,124.0,36.0,2
196.0,86.0,38.0,0
190.0,86.0,58.0,0
196.0,81.0,36.0,0
201.0,95.0,38.0,0
203.0,85.0,35.0,0
206.0,104.0,37.0,2
190.0,87.0,33.0,0
190.0,94.0,35.0,0
190.0,99.0,36.0,0
178.0,81.0,42.0,0
203.0,104.0,41.0,2
206.0,113.0,38.0,2
213.0,114.0,39.0,2
190.0,87.0,34.0,0
211.0,111.0,33.0,2
211.0,111.0,33.0,2
178.0,78.0,50.0,0
196.0,90.0,35.0,0
201.0,104.0,34.0,2
193.0,92.0,35.0,0
208.0,103.0,36.0,2
198.0,94.0,37.0,0
190.0,92.0,35.0,0
208.0,102.0,39.0,2
208.0,102.0,39.0,2
193.0,86.0,34.0,0
188.0,88.0,100.0,0
188.0,88.0,100.0,0
208.0,115.0,35.0,2
188.0,99.0,39.0,0
208.0,104.0,37.0,2
203.0,105.0,39.0,2
193.0,87.0,35.0,0
188.0,83.0,34.0,0
196.0,99.0,35.0,0
196.0,92.0,37.0,0
203.0,104.0,36.0,2
190.0,92.0,37.0,0
188.0,86.0,38.0,0
188.0,83.0,37.0,0
211.0,117.0,40.0,2
198.0,90.0,37.0,0
185.0,81.0,64.0,0
203.0,106.0,37.0,2
206.0,102.0,37.0,2
206.0,107.0,34.0,2
201.0,97.0,35.0,0
208.0,102.0,70.0,1
206.0,107.0,34.0,2
208.0,117.0,34.0,2
198.0,92.0,39.0,0
211.0,108.0,35.0,2
213.0,117.0,35.0,2
203.0,95.0,61.0,1
190.0,90.0,41.0,0
196.0,86.0,36.0,0
188.0,83.0,74.0,0
203.0,102.0,37.0,2
201.0,108.0,35.0,2
180.0,83.0,39.0,0
190.0,92.0,80.0,0
198.0,79.0,34.0,0
208.0,117.0,39.0,2
196.0,91.0,36.0,0
196.0,93.0,32.0,0
185.0,83.0,37.0,0
206.0,101.0,37.0,2
206.0,108.0,41.0,2
198.0,106.0,35.0,2
193.0,88.0,34.0,0
206.0,97.0,57.0,1
206.0,97.0,57.0,1
211.0,126.0,32.0,2
198.0,90.0,37.0,0
211.0,115.0,36.0,2
201.0,92.0,33.0,0
208.0,113.0,38.0,2
190.0,83.0,78.0,0
201.0,104.0,35.0,2
190.0,92.0,38.0,0
206.0,97.0,32.0,0
211.0,103.0,35.0,2
198.0,83.0,36.0,0
208.0,108.0,40.0,2
193.0,97.0,34.0,0
196.0,99.0,36.0,0
201.0,95.0,55.0,1
203.0,100.0,35.0,2
203.0,113.0,36.0,2
211.0,106.0,34.0,2
206.0,114.0,33.0,2
201.0,95.0,37.0,0
201.0,105.0,32.0,2
213.0,117.0,38.0,2
193.0,95.0,34.0,0
196.0,83.0,33.0,0
216.0,111.0,33.0,2
190.0,88.0,35.0,0
185.0,92.0,35.0,0
193.0,90.0,34.0,0
213.0,115.0,35.0,2
203.0,106.0,34.0,2
203.0,106.0,35.0,2
206.0,95.0,33.0,0
213.0,100.0,35.0,2
211.0,112.0,35.0,2
196.0,83.0,35.0,0
206.0,113.0,36.0,2
208.0,113.0,35.0,2
211.0,115.0,37.0,2
211.0,112.0,37.0,2
190.0,83.0,48.0,0
193.0,90.0,33.0,0
185.0,78.0,40.0,0
208.0,107.0,34.0,2
201.0,93.0,34.0,0
213.0,122.0,36.0,2
203.0,107.0,37.0,2
206.0,98.0,34.0,0
198.0,86.0,37.0,0
208.0,112.0,35.0,2
203.0,103.0,37.0,2
206.0,117.0,33.0,2
193.0,79.0,65.0,0
190.0,83.0,35.0,0
188.0,85.0,32.0,0
206.0,109.0,40.0,2
213.0,120.0,33.0,2
206.0,104.0,37.0,2
193.0,102.0,34.0,0
188.0,90.0,34.0,0
198.0,92.0,32.0,0
211.0,111.0,38.0,2
213.0,114.0,35.0,2
213.0,115.0,32.0,2
211.0,100.0,31.0,2
211.0,117.0,43.0,2
196.0,102.0,35.0,0
203.0,111.0,32.0,2
193.0,90.0,33.0,0
196.0,85.0,35.0,0
201.0,92.0,34.0,0
185.0,86.0,33.0,0
190.0,86.0,36.0,0
198.0,96.0,36.0,0
196.0,92.0,32.0,0
183.0,91.0,34.0,0
198.0,86.0,34.0,0
196.0,92.0,39.0,0
190.0,79.0,34.0,0
206.0,97.0,35.0,0
198.0,95.0,33.0,0
188.0,83.0,35.0,0
193.0,92.0,34.0,0
203.0,97.0,38.0,0
208.0,108.0,34.0,2
213.0,111.0,36.0,2
193.0,89.0,35.0,0
211.0,109.0,35.0,2
201.0,99.0,38.0,0
211.0,117.0,37.0,2
198.0,91.0,35.0,0
196.0,86.0,34.0,0
216.0,111.0,33.0,2
196.0,90.0,31.0,0
190.0,86.0,37.0,0
213.0,117.0,35.0,2
203.0,108.0,36.0,2
201.0,102.0,34.0,2
201.0,92.0,36.0,0
203.0,97.0,36.0,0
201.0,94.0,32.0,0
211.0,104.0,34.0,2
216.0,113.0,35.0,2
180.0,79.0,33.0,0
201.0,88.0,33.0,0
216.0,117.0,32.0,2
190.0,86.0,34.0,0
190.0,86.0,34.0,0
196.0,88.0,32.0,0
190.0,86.0,37.0,0
201.0,92.0,59.0,1
198.0,101.0,33.0,0
208.0,104.0,35.0,2
196.0,88.0,36.0,0
211.0,108.0,34.0,2
190.0,87.0,34.0,0
201.0,92.0,35.0,0
193.0,95.0,33.0,0
213.0,107.0,34.0,2
206.0,115.0,38.0,2
211.0,111.0,35.0,2
203.0,89.0,32.0,0
180.0,79.0,34.0,0
213.0,113.0,37.0,2
196.0,83.0,70.0,0
185.0,78.0,32.0,0
183.0,83.0,35.0,0
201.0,90.0,34.0,0
203.0,97.0,35.0,0
203.0,97.0,35.0,0
201.0,90.0,32.0,0
203.0,93.0,34.0,0
178.0,79.0,35.0,0
203.0,95.0,66.0,1
213.0,104.0,35.0,2
193.0,86.0,34.0,0
213.0,108.0,33.0,2
196.0,94.0,31.0,0
208.0,108.0,34.0,2
206.0,104.0,32.0,2
206.0,113.0,35.0,2
203.0,111.0,34.0,2
226.0,163.0,33.0,2
206.0,113.0,34.0,2
198.0,92.0,33.0,0
193.0,97.0,33.0,0
190.0,83.0,51.0,0
206.0,98.0,30.0,0
206.0,98.0,30.0,0
183.0,83.0,34.0,0
196.0,94.0,37.0,0
196.0,87.0,33.0,0
206.0,117.0,34.0,2
185.0,74.0,33.0,0
196.0,97.0,34.0,0
198.0,90.0,32.0,0
196.0,90.0,36.0,0
203.0,95.0,34.0,0
201.0,95.0,35.0,0
190.0,87.0,31.0,0
198.0,86.0,30.0,0
185.0,77.0,35.0,0
188.0,90.0,34.0,0
206.0,99.0,30.0,0
206.0,111.0,35.0,2
203.0,95.0,31.0,0
193.0,83.0,34.0,0
206.0,102.0,35.0,2
206.0,102.0,35.0,2
193.0,95.0,31.0,0
198.0,99.0,34.0,0
203.0,93.0,33.0,0
203.0,102.0,38.0,2
206.0,98.0,35.0,0
208.0,106.0,32.0,2
190.0,91.0,33.0,0
193.0,84.0,33.0,0
193.0,95.0,35.0,0
213.0,111.0,34.0,2
211.0,99.0,34.0,2
196.0,85.0,30.0,0
185.0,88.0,36.0,0
198.0,90.0,33.0,0
198.0,90.0,33.0,0
198.0,90.0,33.0,0
203.0,102.0,33.0,2
208.0,115.0,33.0,2
190.0,90.0,38.0,0
198.0,102.0,38.0,0
208.0,99.0,34.0,0
208.0,107.0,34.0,2
185.0,79.0,34.0,0
211.0,103.0,31.0,2
213.0,109.0,33.0,2
213.0,127.0,31.0,2
206.0,116.0,32.0,2
203.0,102.0,35.0,2
203.0,113.0,30.0,2
208.0,107.0,34.0,2
193.0,83.0,31.0,0
211.0,108.0,34.0,2
206.0,113.0,31.0,2
208.0,103.0,39.0,2
211.0,106.0,42.0,2
193.0,99.0,31.0,0
183.0,74.0,34.0,0
198.0,92.0,32.0,0
180.0,74.0,34.0,0
206.0,119.0,31.0,2
208.0,108.0,30.0,2
208.0,108.0,30.0,2
208.0,104.0,35.0,2
208.0,104.0,35.0,2
211.0,113.0,34.0,2
203.0,90.0,30.0,0
203.0,90.0,30.0,0
198.0,97.0,30.0,0
203.0,111.0,30.0,2
198.0,103.0,32.0,0
201.0,92.0,33.0,0
185.0,83.0,33.0,0
208.0,108.0,37.0,2
198.0,93.0,29.0,0
206.0,111.0,44.0,2
213.0,108.0,32.0,2
206.0,113.0,34.0,2
201.0,105.0,33.0,2
196.0,93.0,32.0,0
198.0,102.0,32.0,0
198.0,94.0,33.0,0
206.0,104.0,31.0,2
206.0,99.0,34.0,0
201.0,98.0,34.0,0
208.0,124.0,33.0,2
203.0,95.0,31.0,0
203.0,108.0,31.0,2
198.0,95.0,31.0,0
203.0,97.0,30.0,0
198.0,92.0,32.0,0
201.0,99.0,30.0,2
208.0,111.0,32.0,2
190.0,90.0,42.0,0
201.0,104.0,34.0,2
201.0,104.0,34.0,2
203.0,111.0,30.0,2
203.0,99.0,81.0,1
208.0,113.0,30.0,2
188.0,88.0,29.0,0
213.0,109.0,32.0,2
211.0,117.0,40.0,2
206.0,99.0,29.0,0
208.0,106.0,30.0,2
221.0,131.0,37.0,2
208.0,108.0,31.0,2
208.0,108.0,31.0,2
211.0,90.0,30.0,0
198.0,83.0,34.0,0
216.0,111.0,39.0,2
203.0,106.0,31.0,2
201.0,83.0,32.0,0
196.0,90.0,29.0,0
196.0,90.0,29.0,0
185.0,81.0,33.0,0
185.0,81.0,33.0,0
211.0,124.0,30.0,2
201.0,92.0,30.0,0
196.0,102.0,34.0,0
190.0,83.0,31.0,0
221.0,116.0,36.0,2
211.0,104.0,30.0,2
221.0,108.0,30.0,2
193.0,97.0,32.0,0
206.0,106.0,83.0,1
198.0,90.0,32.0,0
188.0,86.0,31.0,0
188.0,86.0,31.0,0
185.0,83.0,101.0,0
208.0,122.0,38.0,2
221.0,117.0,33.0,2
201.0,89.0,33.0,0
213.0,110.0,30.0,2
211.0,110.0,29.0,2
198.0,91.0,29.0,0
188.0,74.0,33.0,0
198.0,90.0,77.0,0
201.0,102.0,29.0,2
211.0,99.0,30.0,2
196.0,83.0,33.0,0
188.0,81.0,33.0,0
198.0,86.0,32.0,0
193.0,99.0,32.0,0
193.0,91.0,29.0,0
196.0,88.0,29.0,0
198.0,95.0,31.0,0
216.0,102.0,28.0,2
206.0,106.0,30.0,2
208.0,95.0,33.0,0
206.0,106.0,31.0,2
196.0,97.0,33.0,0
193.0,97.0,33.0,0
201.0,88.0,32.0,0
208.0,105.0,28.0,2
190.0,86.0,33.0,0
188.0,83.0,32.0,0
211.0,107.0,29.0,2
190.0,86.0,36.0,0
206.0,99.0,29.0,0
193.0,95.0,31.0,0
211.0,111.0,28.0,2
213.0,113.0,31.0,2
175.0,79.0,30.0,0
183.0,81.0,32.0,0
203.0,99.0,32.0,0
190.0,86.0,32.0,0
198.0,95.0,32.0,0
201.0,90.0,33.0,0
196.0,97.0,31.0,0
188.0,83.0,38.0,0
198.0,99.0,32.0,0
198.0,99.0,32.0,0
198.0,96.0,31.0,0
206.0,104.0,30.0,2
211.0,108.0,31.0,2
193.0,97.0,32.0,0
201.0,93.0,32.0,0
206.0,86.0,28.0,0
185.0,91.0,31.0,0
178.0,81.0,34.0,0
208.0,95.0,46.0,2
190.0,83.0,49.0,0
203.0,100.0,35.0,2
206.0,97.0,36.0,0
211.0,102.0,29.0,2
193.0,81.0,35.0,0
206.0,95.0,31.0,0
201.0,92.0,31.0,0
206.0,115.0,32.0,2
198.0,92.0,30.0,0
216.0,97.0,28.0,2
201.0,83.0,30.0,0
196.0,90.0,33.0,0
193.0,92.0,34.0,0
196.0,77.0,29.0,0
193.0,93.0,28.0,0
206.0,90.0,33.0,0
203.0,104.0,32.0,2
193.0,94.0,32.0,0
211.0,111.0,32.0,2
208.0,111.0,29.0,2
216.0,108.0,28.0,2
193.0,81.0,57.0,0
211.0,111.0,35.0,2
213.0,112.0,30.0,2
201.0,107.0,32.0,2
198.0,88.0,31.0,0
188.0,83.0,32.0,0
198.0,92.0,29.0,0
211.0,108.0,29.0,2
208.0,101.0,31.0,0
201.0,95.0,34.0,0
196.0,104.0,31.0,0
206.0,104.0,31.0,2
211.0,115.0,28.0,2
211.0,115.0,28.0,2
190.0,77.0,31.0,0
213.0,117.0,31.0,2
178.0,68.0,29.0,0
206.0,100.0,32.0,0
198.0,96.0,32.0,0
183.0,88.0,31.0,0
183.0,88.0,31.0,0
203.0,92.0,33.0,0
193.0,96.0,30.0,0
198.0,97.0,56.0,0
208.0,108.0,33.0,2
213.0,108.0,29.0,2
203.0,97.0,31.0,0
216.0,120.0,28.0,2
